regime,rep,n,memory,order,noise_sd,oracle_vwk_mse,empirical_vwk_mse,wiener_mse,monomial_ls_mse,huber_mse,wiener_oracle_ratio,wiener_empirical_ratio,empirical_oracle_ratio,oracle_coef_rmse
gaussian_control,0,2500,3,2,0.25,0.0105839383301037,0.00975602789412369,0.0105839383301037,0.00041273936179929,0.0003587013158155005,1.0,1.0848614256708595,0.921776713907601,0.03454790346693333
gaussian_control,1,2500,3,2,0.25,0.00705812927156004,0.003938030664379758,0.00705812927156004,6.812001787799916e-05,7.159656366803033e-05,1.0,1.7922992157989452,0.5579425528868708,0.024991597071803862
gaussian_control,2,2500,3,2,0.25,0.013433824384407149,0.0069329737401974305,0.013433824384407149,0.0002370013141900602,0.0002687739154428141,1.0,1.937671320824099,0.5160833982796919,0.0367884897435159
gaussian_control,3,2500,3,2,0.25,0.02759345120628121,0.019800245316201476,0.02759345120628121,0.000183034495228222,0.00020348806704672805,1.0,1.3935913805927935,0.7175704542422104,0.05046988419905969
gaussian_control,4,2500,3,2,0.25,0.011433878911423665,0.01239707489320972,0.011433878911423665,0.0001596621663839828,0.00015188438733591456,1.0,0.9223045766777106,1.0842405267055715,0.03503212169982426
gaussian_control,5,2500,3,2,0.25,0.00745122281866037,0.0054858503221417425,0.00745122281866037,0.00031066539349884306,0.00038129670863812213,1.0,1.35826214371655,0.7362349047465507,0.027686969846334817
gaussian_control,6,2500,3,2,0.25,0.014751689464556355,0.011624353573742262,0.014751689464556355,0.00015240429004485472,0.00014435357867978495,1.0,1.2690331011505271,0.7880015100420809,0.03639125964745023
gaussian_control,7,2500,3,2,0.25,0.019525232425524754,0.02247653708120642,0.019525232425524754,0.000295648524890047,0.0003232552876130913,1.0,0.8686939787468695,1.1511533686955508,0.04209274160923877
gaussian_control,8,2500,3,2,0.25,0.005922862247508693,0.005317531037404488,0.005922862247508693,0.0002303422952848198,0.00023738378349785053,1.0,1.1138368926944093,0.897797520048888,0.026207973908328276
gaussian_control,9,2500,3,2,0.25,0.011323810488043758,0.0045882301644206295,0.011323810488043758,0.0002215346666428046,0.00027606888287364016,1.0,2.4680127374284964,0.4051842945680794,0.030872660767408185
gaussian_control,10,2500,3,2,0.25,0.03380538858113092,0.034059670968963375,0.03380538858113092,0.00020570765867291858,0.00026372760050419667,1.0,0.9925342089163407,1.0075219483787974,0.05657470605354435
gaussian_control,11,2500,3,2,0.25,0.015219349627682297,0.013173541159149284,0.015219349627682297,0.00019936668632770826,0.00021949211488503893,1.0,1.15529677584923,0.8655784564662399,0.03707063853944558
gaussian_control,12,2500,3,2,0.25,0.008889768493708672,0.01061894664904393,0.008889768493708672,0.00036387691461538013,0.00035648722729345533,1.0,0.8371610469018654,1.1945132943067083,0.030281440511664745
gaussian_control,13,2500,3,2,0.25,0.016245661125151876,0.00811776686211093,0.016245661125151876,0.00015450360888568678,0.00013323920076820127,1.0,2.001247559963478,0.49968830443858214,0.044385198471931606
gaussian_control,14,2500,3,2,0.25,0.0019779899769079416,0.0008020485308909377,0.0019779899769079416,0.00013413772402753654,0.00010279712123379596,1.0,2.466172433120394,0.4054866507183854,0.013602701790383403
gaussian_control,15,2500,3,2,0.25,0.00585469239582293,0.002886720676238875,0.00585469239582293,0.00029131229943774175,0.0003302056004908305,1.0,2.0281464860850487,0.49306103225823195,0.02412402453250101
gaussian_control,16,2500,3,2,0.25,0.03206505478902334,0.025830767728967332,0.03206505478902334,0.00013852164566608113,0.00020244001839907284,1.0,1.2413512105203404,0.8055737904994892,0.051769207405332196
gaussian_control,17,2500,3,2,0.25,0.009755652872075913,0.007471616116754611,0.009755652872075913,0.000603241599419439,0.0006297311986635959,1.0,1.3056951427415415,0.7658755610443034,0.03147687967584271
gaussian_control,18,2500,3,2,0.25,0.01785381537831086,0.0031696865024878618,0.01785381537831086,0.0002217728546989297,0.00026485590613442995,1.0,5.632675459954019,0.17753552589876417,0.044935682490935644
gaussian_control,19,2500,3,2,0.25,0.008104770812991312,0.006779751680241301,0.008104770812991312,0.00018534436788287278,0.00020420537319612822,1.0,1.195437708524282,0.8365136827032654,0.028130604658931253
gaussian_control,20,2500,3,2,0.25,0.019918751525098505,0.0018992147002818154,0.019918751525098505,8.635842176198718e-05,0.00010748009336688713,1.0,10.487888242515634,0.09534807931554953,0.04166207143298393
gaussian_control,21,2500,3,2,0.25,0.008287229569613527,0.007052738699625017,0.008287229569613527,7.680888396072051e-05,9.42726894129781e-05,1.0,1.1750370916271355,0.8510369648121043,0.027830484059525956
gaussian_control,22,2500,3,2,0.25,0.016965452675863843,0.01628760512819579,0.016965452675863843,0.000408456816960279,0.00036965230806315495,1.0,1.0416173858791933,0.9600454193225034,0.03891670586536473
gaussian_control,23,2500,3,2,0.25,0.03391646770765452,0.03973633490589959,0.03391646770765452,0.000310428187715023,0.0002838331592147851,1.0,0.8535378964359139,1.17159414265689,0.05270866322358536
gaussian_control,24,2500,3,2,0.25,0.004765939390529875,0.0055799151721699445,0.004765939390529875,0.0003651396587922574,0.000343277602845121,1.0,0.85412398638248,1.1707902083810537,0.02125480132298071
gaussian_control,25,2500,3,2,0.25,0.009431413311404131,0.007299671561358216,0.009431413311404131,0.00011347042080396449,0.0001769824538089967,1.0,1.2920325568249638,0.7739743048405812,0.028521461157318236
gaussian_control,26,2500,3,2,0.25,0.00444438558211938,0.004745270438958318,0.00444438558211938,0.00020776387511771389,0.00021136020450180637,1.0,0.9365926851357732,1.0676999894089874,0.020969500706713207
gaussian_control,27,2500,3,2,0.25,0.040898591087540744,0.019568933198202586,0.040898591087540744,0.0003547207102816419,0.0003378678813860567,1.0,2.089975507264611,0.4784745067700883,0.05821742522408854
gaussian_control,28,2500,3,2,0.25,0.02150452807762234,0.0159881619010654,0.02150452807762234,0.00023585924895666344,0.0003191280627592017,1.0,1.3450281658824925,0.7434788544698507,0.044486566043752694
gaussian_control,29,2500,3,2,0.25,0.007740080498023614,0.00806945651499708,0.007740080498023614,0.0001327810121531916,0.00012401924413676165,1.0,0.959182379090671,1.0425545983736952,0.027175875277110257
gaussian_control,30,2500,3,2,0.25,0.01764517703624483,0.009364696376762842,0.01764517703624483,0.0001288459651977079,0.00013371141121389581,1.0,1.8842230785003153,0.530722721428461,0.03930727017967747
gaussian_control,31,2500,3,2,0.25,0.012389247617788758,0.011546210675962554,0.012389247617788758,0.00017462797910954708,0.00013646124138784945,1.0,1.0730141659013097,0.9319541454143064,0.03581049689794444
gaussian_control,32,2500,3,2,0.25,0.0072699196980988735,0.003749041799561049,0.0072699196980988735,0.0003442259273487078,0.00033425107921746184,1.0,1.9391407422958211,0.5156923260846259,0.027496755230759114
gaussian_control,33,2500,3,2,0.25,0.017398500261207987,0.015860062893969067,0.017398500261207987,0.0005888378615374928,0.0007288377141768731,1.0,1.0970007103706962,0.9115764379606299,0.043726304612885895
gaussian_control,34,2500,3,2,0.25,0.01428632745463768,0.013978843291154737,0.01428632745463768,0.0003503320816769257,0.00034201787438379455,1.0,1.02199639534392,0.9784770323612367,0.03962696721556155
gaussian_control,35,2500,3,2,0.25,0.003361235342335511,0.0029533677315517998,0.003361235342335511,0.000195332035865549,0.00027128821639922944,1.0,1.1381025486350131,0.8786554438344357,0.01976257633421897
gaussian_control,36,2500,3,2,0.25,0.027870733106282523,0.015568004685715585,0.027870733106282523,0.0002349518100176138,0.0002478582955724449,1.0,1.7902572403421295,0.5585789446710427,0.05556288944940087
gaussian_control,37,2500,3,2,0.25,0.009405722177111484,0.011216743358469181,0.009405722177111484,0.0005096201942008641,0.0004896892044504509,1.0,0.8385430491292921,1.1925446177609582,0.03013660594386066
gaussian_control,38,2500,3,2,0.25,0.006060452058765338,0.00515120277325139,0.006060452058765338,0.00013958718304986296,0.00015363540187450769,1.0,1.1765120352542517,0.8499700555837439,0.02482749073918222
gaussian_control,39,2500,3,2,0.25,0.0379373259330221,0.04677489545642432,0.0379373259330221,0.00012218825382902753,0.00015778116640876504,1.0,0.8110616937319435,1.2329518305798581,0.054976175757419726
gaussian_control,40,2500,3,2,0.25,0.010597725290155506,0.004894654293786228,0.010597725290155506,0.00024132979113571145,0.0002354851633017442,1.0,2.165163187032297,0.46185895178213343,0.03356257079587303
gaussian_control,41,2500,3,2,0.25,0.013649128627664856,0.01340472967585688,0.013649128627664856,0.0004945702889659863,0.0004813438398082024,1.0,1.0182322924607843,0.9820941718350713,0.035996003223548435
gaussian_control,42,2500,3,2,0.25,0.00915167714940734,0.007683312747008804,0.00915167714940734,0.00015055318583343612,0.00013220826479550421,1.0,1.1911108464210551,0.839552425372258,0.033356647224624295
gaussian_control,43,2500,3,2,0.25,0.013140489760422404,0.007367394714167765,0.013140489760422404,0.0004206527555915304,0.0004781835397534637,1.0,1.783600617346152,0.5606636319110025,0.03445122933345422
gaussian_control,44,2500,3,2,0.25,0.008480981041811574,0.006239720478630751,0.008480981041811574,0.00020523795735823757,0.00019734196564223712,1.0,1.3591924623637381,0.7357309782758246,0.030405390519623602
gaussian_control,45,2500,3,2,0.25,0.017229531028362072,0.014526656064182106,0.017229531028362072,0.0004283708729414915,0.00036180491255216905,1.0,1.1860631209438732,0.8431254478296201,0.040351230410373765
gaussian_control,46,2500,3,2,0.25,0.00919771547541261,0.007868036549412313,0.00919771547541261,0.0002094468988163339,0.00026640504684761714,1.0,1.1689975532840675,0.855433783578672,0.03157962301542227
gaussian_control,47,2500,3,2,0.25,0.0037062664489857632,0.003079400964452823,0.0037062664489857632,0.00023534682876896228,0.00019669848637462605,1.0,1.2035673469513015,0.8308633517958525,0.01898931846239969
gaussian_control,48,2500,3,2,0.25,0.0036406819378014127,0.0024273096757329725,0.0036406819378014127,0.00046082667967900243,0.000422127956216485,1.0,1.4998835847766476,0.6667184107818029,0.019411583456716446
gaussian_control,49,2500,3,2,0.25,0.005089038409275795,0.004323820735597873,0.005089038409275795,0.0002861890218351317,0.000317661653595343,1.0,1.1769771968985463,0.849634132789574,0.02283977275133074
gaussian_control,50,2500,3,2,0.25,0.03249676588655998,0.030684300815885173,0.03249676588655998,0.0002286697438747271,0.0002668303981427208,1.0,1.0590681561085629,0.9442262938717724,0.055227797061436476
gaussian_control,51,2500,3,2,0.25,0.024506277897558333,0.020567277343333603,0.024506277897558333,9.77610357462478e-05,0.00014836322944495396,1.0,1.191517841106055,0.839265653858549,0.052643427709047015
gaussian_control,52,2500,3,2,0.25,0.012148296806831438,0.0036858477474024957,0.012148296806831438,0.0002004406691919719,0.00018812444599544578,1.0,3.2959301738365703,0.3034044859135979,0.03255432655895159
gaussian_control,53,2500,3,2,0.25,0.008035325699894132,0.00727638919560024,0.008035325699894132,0.0002143177119349374,0.0002282193410262357,1.0,1.1043012521585283,0.9055500010032088,0.027473729191080428
gaussian_control,54,2500,3,2,0.25,0.011961728592801412,0.005431445699647252,0.011961728592801412,0.00013055790333675534,0.00014155097458365556,1.0,2.2023102603379194,0.4540686287528631,0.034562114180629634
gaussian_control,55,2500,3,2,0.25,0.0107632434825473,0.010601265826616198,0.0107632434825473,0.0002987322437791066,0.0002988791969433262,1.0,1.0152790863449939,0.9849508509034707,0.03279290225501334
gaussian_control,56,2500,3,2,0.25,0.037295424835933864,0.03324177741751984,0.037295424835933864,0.00028193137227781255,0.0002613773064565558,1.0,1.1219443643912248,0.8913097937281474,0.054559357553294184
gaussian_control,57,2500,3,2,0.25,0.008856801747749271,0.003120062049974679,0.008856801747749271,0.0002842614957746973,0.0002661820142800491,1.0,2.838662054115606,0.3522786372369194,0.02826198436079077
gaussian_control,58,2500,3,2,0.25,0.0037847819214050144,0.003110949698733571,0.0037847819214050144,0.00019285848931196046,0.00017140435384458265,1.0,1.2166001664847723,0.82196273479839,0.018760842621682764
gaussian_control,59,2500,3,2,0.25,0.007812083204879875,0.004880110689700399,0.007812083204879875,0.0001493964697609179,0.00018096499666618,1.0,1.600800412451193,0.6246874952192012,0.029278132861506684
gaussian_control,60,2500,3,2,0.25,0.03090766733837174,0.027240137346286608,0.03090766733837174,0.00033309950009583156,0.00036110671458068773,1.0,1.1346369860570873,0.8813391527761169,0.052221898609772964
gaussian_control,61,2500,3,2,0.25,0.014901023303775008,0.011232279335466961,0.014901023303775008,0.0002962645104600876,0.0003026365489035041,1.0,1.3266250650234142,0.7537924816627452,0.040672282991569934
gaussian_control,62,2500,3,2,0.25,0.011901297040061548,0.006625175025286819,0.011901297040061548,0.00016447478289921175,0.00022178438707991507,1.0,1.7963747364615945,0.5566767221241087,0.03260066559528827
gaussian_control,63,2500,3,2,0.25,0.005182615814327014,0.006328172217403149,0.005182615814327014,0.00044985904500160367,0.00048803464853635107,1.0,0.8189751536903921,1.2210382640961572,0.022043204411056203
gaussian_control,64,2500,3,2,0.25,0.002184500814772173,0.0023421264864679995,0.002184500814772173,0.0001050842127792398,0.00011699180066338973,1.0,0.932699761261173,1.0721563803638432,0.014464253596171385
gaussian_control,65,2500,3,2,0.25,0.006797045651663624,0.007992334864172957,0.006797045651663624,0.00022215994920717349,0.00025374247977639656,1.0,0.8504455540436091,1.1758542275226265,0.02567599673523726
gaussian_control,66,2500,3,2,0.25,0.015576956132888039,0.014609970675882506,0.015576956132888039,0.0007487055703150071,0.0007228997681565595,1.0,1.066186680210234,0.9379220530149719,0.03859552561069738
gaussian_control,67,2500,3,2,0.25,0.0014531736821089983,0.001054670916293801,0.0014531736821089983,0.000258619685811493,0.00030141172930840324,1.0,1.3778456006121496,0.7257707246412224,0.012418468109040395
gaussian_control,68,2500,3,2,0.25,0.020585850102971332,0.01590217451580057,0.020585850102971332,0.0001378069726659904,0.00015491027734721094,1.0,1.2945305110641951,0.7724808271826128,0.04368897210477771
gaussian_control,69,2500,3,2,0.25,0.0028837778404004785,0.0021635717294410627,0.0028837778404004785,0.00014277121754156645,0.00014821625404498072,1.0,1.332878314667882,0.7502560353749723,0.01705750625355513
gaussian_control,70,2500,3,2,0.25,0.00732175445219046,0.005529131346583077,0.00732175445219046,0.00018345323376044474,0.000195000541717685,1.0,1.3242142378685213,0.7551648150299439,0.027008939600900707
gaussian_control,71,2500,3,2,0.25,0.007981978597471665,0.003928145679168175,0.007981978597471665,0.00021736220074203936,0.00023406211462469233,1.0,2.0319965829683615,0.49212681181736523,0.0278827866431935
gaussian_control,72,2500,3,2,0.25,0.003961711834721311,0.0014989316596811925,0.003961711834721311,0.0003429027340695542,0.00029887750958919475,1.0,2.6430236556374602,0.3783545402126997,0.019477532207680913
gaussian_control,73,2500,3,2,0.25,0.007080904183849513,0.005082906710679908,0.007080904183849513,0.00026559590365541296,0.000317896246517294,1.0,1.3930816729277224,0.7178330024961023,0.02681515820591092
gaussian_control,74,2500,3,2,0.25,0.00384350539172578,0.004397638313563437,0.00384350539172578,0.0002904342144710747,0.000279373572525065,1.0,0.8739930657488202,1.1441738375157697,0.019544413390698425
gaussian_control,75,2500,3,2,0.25,0.0035536218003932047,0.0027737323542554267,0.0035536218003932047,0.00011438955812059025,0.00014572141833643642,1.0,1.2811696827710435,0.7805367340859165,0.01822950401357829
gaussian_control,76,2500,3,2,0.25,0.0033224960917182717,0.0024555964246348754,0.0033224960917182717,0.00038407310380844266,0.00039799561210852175,1.0,1.353030187854381,0.7390818098344044,0.018343424309478034
gaussian_control,77,2500,3,2,0.25,0.010346889359801409,0.0026541395586067613,0.010346889359801409,0.00020636286054892818,0.00020940559194520953,1.0,3.8983968745158246,0.25651569919345335,0.03269360014170868
gaussian_control,78,2500,3,2,0.25,0.01650924154098857,0.0021219424045885813,0.01650924154098857,0.00020136556904171363,0.00016259016694051092,1.0,7.780249598334178,0.12853058084590357,0.04426016922984358
gaussian_control,79,2500,3,2,0.25,0.002102570081328675,0.0017932647042010347,0.002102570081328675,0.00018876421434728342,0.00016378789735568592,1.0,1.1724817180659601,0.8528917633355739,0.014578961083296683
gaussian_control,80,2500,3,2,0.25,0.035260834521541336,0.015661647926432366,0.035260834521541336,0.00016950405098212752,0.0001709285038358545,1.0,2.251412794309542,0.44416554908433736,0.06667077118218982
gaussian_control,81,2500,3,2,0.25,0.017852875581144675,0.006309566232508741,0.017852875581144675,0.00012113516459892874,0.00011704700266584437,1.0,2.829493331754156,0.3534201649381679,0.03959479458295437
gaussian_control,82,2500,3,2,0.25,0.006208133818311924,0.0033565386534400005,0.006208133818311924,0.0002277513902388656,0.00023430397135389144,1.0,1.8495642265133523,0.540667896613203,0.025251445133568164
gaussian_control,83,2500,3,2,0.25,0.02326142813110174,0.023135039537556978,0.02326142813110174,0.00015884565663129192,0.00023508605987325386,1.0,1.0054630809400427,0.9945666021521793,0.04779494007854802
gaussian_control,84,2500,3,2,0.25,0.007338159358190587,0.0075783713606870405,0.007338159358190587,0.0003386401454561649,0.00035051156771163515,1.0,0.9683029517737072,1.0327346396788641,0.026972271355574225
gaussian_control,85,2500,3,2,0.25,0.0150488586838543,0.010050931787383246,0.0150488586838543,0.00012413329547176003,0.0001546917046711558,1.0,1.4972600553060027,0.6678866483188353,0.0408536712744058
gaussian_control,86,2500,3,2,0.25,0.006501746152448921,0.008414515963354767,0.006501746152448921,0.00018752107872497203,0.00015561258276927843,1.0,0.7726821341553142,1.2941932468688262,0.02546388830692887
gaussian_control,87,2500,3,2,0.25,0.0466334498871194,0.010446170697036529,0.0466334498871194,0.00015254950668696743,0.00017165958109232118,1.0,4.464166941130766,0.22400595972038218,0.06089845224020598
gaussian_control,88,2500,3,2,0.25,0.00670949822586155,0.0041211993022817065,0.00670949822586155,0.00039365612397658517,0.00030639577717632264,1.0,1.6280450746817388,0.6142336078719975,0.02432542284803626
gaussian_control,89,2500,3,2,0.25,0.006226135811047227,0.005540466491582888,0.006226135811047227,0.00020152295869301726,0.00014351674387314998,1.0,1.1237566043411709,0.8898724119946542,0.02527146280659423
gaussian_control,90,2500,3,2,0.25,0.004820114572768812,0.0034379183519597746,0.004820114572768812,0.0002041461072923649,0.00023089796406978818,1.0,1.4020445162757051,0.7132441148561611,0.02138565616159432
gaussian_control,91,2500,3,2,0.25,0.005452380368837805,0.005401640921102114,0.005452380368837805,8.357568150092801e-05,0.00012167333750964623,1.0,1.009393339630828,0.990694074091807,0.022863081337823783
gaussian_control,92,2500,3,2,0.25,0.03197969753643858,0.0102130274591182,0.03197969753643858,0.0002365961088237487,0.0002422588337053383,1.0,3.131265206565863,0.31935972651027056,0.05772870005848528
gaussian_control,93,2500,3,2,0.25,0.005314367912292979,0.002916844758826786,0.005314367912292979,0.00024617864651846767,0.00021353226340149745,1.0,1.8219577494520227,0.5488601479923246,0.02308508490143182
gaussian_control,94,2500,3,2,0.25,0.03373285833305956,0.032328245693408246,0.03373285833305956,0.00019657437496423575,0.00021248398251810942,1.0,1.0434484646328246,0.9583606990613441,0.06412207429264541
gaussian_control,95,2500,3,2,0.25,0.028369298616552657,0.023609039309890535,0.028369298616552657,0.00018764141014299135,0.00022686005754224517,1.0,1.2016286746859668,0.832203842223838,0.05008352341634295
gaussian_control,96,2500,3,2,0.25,0.004425312637310669,0.0031817131697066477,0.004425312637310669,0.00014257563800878516,0.00014714501277225683,1.0,1.3908584467778033,0.7189804270281396,0.021896813267585625
gaussian_control,97,2500,3,2,0.25,0.01600502234860014,0.009354361525696856,0.01600502234860014,0.00038816537964677137,0.00036334262149231763,1.0,1.7109689747005838,0.584464133941995,0.047227511129110264
gaussian_control,98,2500,3,2,0.25,0.032378177593052115,0.015148648099030113,0.032378177593052115,9.37286821904775e-05,9.899688938670706e-05,1.0,2.1373641648673005,0.467865989538608,0.0631673763107576
gaussian_control,99,2500,3,2,0.25,0.021107256082843005,0.006887744640721089,0.021107256082843005,0.00013739068865992884,0.00014148786674962328,1.0,3.0644655375367185,0.32632117664596777,0.04283702529997513
gaussian_control,100,2500,3,2,0.25,0.003227465981291008,0.004492337923385041,0.003227465981291008,0.00041825549064509175,0.0004415863100060272,1.0,0.7184379350650154,1.3919086829810907,0.018189233701674048
gaussian_control,101,2500,3,2,0.25,0.015035777385749493,0.006238350157589091,0.015035777385749493,0.0002338995802665735,0.00024981843994211335,1.0,2.4102169653715473,0.4149004070452408,0.03951478641149322
gaussian_control,102,2500,3,2,0.25,0.017815719570444984,0.015860013641817,0.017815719570444984,0.00013858979077414075,0.00010628120582495706,1.0,1.1233104821216235,0.8902258243965425,0.044275344192701994
gaussian_control,103,2500,3,2,0.25,0.010874383208913499,0.009548130251318796,0.010874383208913499,0.0001889778254519537,0.00027332427016507626,1.0,1.1389018501723434,0.8780387878452176,0.035672579455145674
gaussian_control,104,2500,3,2,0.25,0.00495586767691498,0.0038005068049907762,0.00495586767691498,0.00011863037486643521,0.00011708691194699086,1.0,1.3040017900788912,0.766870112915643,0.024042851804266734
gaussian_control,105,2500,3,2,0.25,0.009519571625283064,0.0020944853729399594,0.009519571625283064,0.0005858648758856967,0.0005881087035488113,1.0,4.545064743957012,0.22001886801053192,0.030407999313709053
gaussian_control,106,2500,3,2,0.25,0.027827077825199834,0.02126145053907928,0.027827077825199834,0.00012964807173025732,0.00015138024853103983,1.0,1.3088042969623688,0.7640561712097987,0.05017368252837486
gaussian_control,107,2500,3,2,0.25,0.007988334484714952,0.0031282161813658833,0.007988334484714952,0.0004908711211758316,0.0004118092077798606,1.0,2.553638886052619,0.39159804679579685,0.027898353916364547
gaussian_control,108,2500,3,2,0.25,0.01582914400403418,0.018418209214544855,0.01582914400403418,0.0002975925434850446,0.000352964784047712,1.0,0.8594290476152213,1.1635631850876353,0.038330772133710674
gaussian_control,109,2500,3,2,0.25,0.006590230260192438,0.004908341172927788,0.006590230260192438,0.0004722097079528782,0.0005267599636818543,1.0,1.3426593686154493,0.7447905428397674,0.02499370575819614
gaussian_control,110,2500,3,2,0.25,0.012178365077949638,0.008850089952453434,0.012178365077949638,0.00019953213253961488,0.00021074862745119313,1.0,1.3760724629215249,0.7267059162545194,0.03955999773273569
gaussian_control,111,2500,3,2,0.25,0.004743004527400391,0.006198661216351595,0.004743004527400391,0.00026304198762590417,0.0002467319754890423,1.0,0.7651659546885233,1.3069060298260013,0.023252434692293017
gaussian_control,112,2500,3,2,0.25,0.01659432329168076,0.014851104310039881,0.01659432329168076,0.0003078901101464851,0.0002967417982668136,1.0,1.1173797547474231,0.8949508846489204,0.038285435771693556
gaussian_control,113,2500,3,2,0.25,0.007672142823584017,0.006516191294717176,0.007672142823584017,0.0002905663092109819,0.00029141918128530736,1.0,1.1773968069052847,0.8493313334426638,0.026817718179508024
gaussian_control,114,2500,3,2,0.25,0.010179338396816933,0.009700402099331068,0.010179338396816933,0.000567469809865398,0.0006138332024523391,1.0,1.0493728293509494,0.9529501546352337,0.03333648553789143
gaussian_control,115,2500,3,2,0.25,0.01775308420872288,0.014042704334934273,0.01775308420872288,0.00019854168619529595,0.0002457749803449395,1.0,1.264221177437898,0.7910008294803483,0.042664427504809616
gaussian_control,116,2500,3,2,0.25,0.008581279320488275,0.0063121153757994385,0.008581279320488275,0.00017265101889342942,0.00016228130702100328,1.0,1.3594934201280255,0.7355681058800774,0.02966730297135991
gaussian_control,117,2500,3,2,0.25,0.02144997878812575,0.01988051886247142,0.02144997878812575,0.00013838462793794334,0.00021420635525349967,1.0,1.07894461590824,0.9268316327416067,0.043843336896881205
gaussian_control,118,2500,3,2,0.25,0.0063802726315065365,0.0067659863366781635,0.0063802726315065365,0.0001444135740890759,0.00014607684243453273,1.0,0.9429922429667517,1.0604541102627696,0.024692123527876197
gaussian_control,119,2500,3,2,0.25,0.041333248876339185,0.018261948677632606,0.041333248876339185,0.0004539282679477794,0.0004755801272817207,1.0,2.2633536872745954,0.44182224175671997,0.06016360919755676
gaussian_control,120,2500,3,2,0.25,0.018572313309961133,0.01704540739229015,0.018572313309961133,0.0005154148834540498,0.0005743912158512922,1.0,1.0895787283067004,0.917785905708793,0.04730522154136687
gaussian_control,121,2500,3,2,0.25,0.007410039066119921,0.005746171975592164,0.007410039066119921,0.00016669510726978625,0.00018070723770869236,1.0,1.2895609629498237,0.7754577167973017,0.027076357287308693
gaussian_control,122,2500,3,2,0.25,0.010462826211940873,0.01869268388409931,0.010462826211940873,0.0002615387546209113,0.00020785367933969952,1.0,0.5597284090831355,1.7865807483991254,0.03448961042689627
gaussian_control,123,2500,3,2,0.25,0.016669038382602544,0.0074158397513008345,0.016669038382602544,0.0003323580409426289,0.000355180915408562,1.0,2.247761405534495,0.4448870763319339,0.040248497650401824
gaussian_control,124,2500,3,2,0.25,0.012400908959647489,0.008049470440105084,0.012400908959647489,0.0003060075207657587,0.0002768646841678897,1.0,1.540586930770268,0.6491032605995278,0.035050083116276665
gaussian_control,125,2500,3,2,0.25,0.009863815622327288,0.0073554704446128095,0.009863815622327288,0.00023973825994353553,0.0003324733776306503,1.0,1.341017640761728,0.7457023454456405,0.03326191601089112
gaussian_control,126,2500,3,2,0.25,0.02838180842127067,0.0028458662593871245,0.02838180842127067,0.000444575616991542,0.00048095853114167456,1.0,9.972994453851417,0.10027078673585499,0.05455731777097761
gaussian_control,127,2500,3,2,0.25,0.01557602645274859,0.013644223655024967,0.01557602645274859,0.0005361168518964407,0.0005287488306340835,1.0,1.14158392932911,0.8759758913106667,0.035543926874501544
gaussian_control,128,2500,3,2,0.25,0.004351835691063713,0.0035668542452862106,0.004351835691063713,0.0002492506377817879,0.0002635763646978675,1.0,1.2200766815226325,0.8196206149534955,0.020274132330543215
gaussian_control,129,2500,3,2,0.25,0.009995852974188289,0.005547370781426621,0.009995852974188289,0.0002021945348240166,0.00018958698077108834,1.0,1.8019082134649829,0.5549672244831206,0.032754172562220546
gaussian_control,130,2500,3,2,0.25,0.013372998292035778,0.012018234568167753,0.013372998292035778,0.0005017187442188054,0.0004380035670365778,1.0,1.1127256849734266,0.8986940928067831,0.03563019664081592
gaussian_control,131,2500,3,2,0.25,0.007122482264348127,0.007991929249018734,0.007122482264348127,9.093616028287856e-05,9.203197378819833e-05,1.0,0.8912093741598927,1.1220707826852248,0.026580029077458874
gaussian_control,132,2500,3,2,0.25,0.009624875816125993,0.0071970469611825,0.009624875816125993,0.0003598836222085648,0.0003418371154729225,1.0,1.3373368088381339,0.7477547865214231,0.030542703464028494
gaussian_control,133,2500,3,2,0.25,0.008723690680607722,0.007564848137049935,0.008723690680607722,0.0003418443079405826,0.0003801625825716485,1.0,1.153187813233446,0.8671614359122304,0.03060978413499131
gaussian_control,134,2500,3,2,0.25,0.009208610132707342,0.004809600672145012,0.009208610132707342,0.00024193017698293691,0.00022296934623485185,1.0,1.9146309143791007,0.5222938752789813,0.030284092627243887
gaussian_control,135,2500,3,2,0.25,0.01123816530277435,0.008432839622666107,0.01123816530277435,0.00022244795534942012,0.00023007753924184275,1.0,1.3326667890811041,0.7503751186667724,0.03673465430820963
gaussian_control,136,2500,3,2,0.25,0.016309092214575098,0.004835296912056014,0.016309092214575098,0.0003077682941267101,0.00031204076298414177,1.0,3.372924664442233,0.2964786052123005,0.04265290085980203
gaussian_control,137,2500,3,2,0.25,0.013251335881309253,0.0024010142788396184,0.013251335881309253,0.0001800519371752647,0.00019290973521606474,1.0,5.519057507526971,0.1811903569832685,0.03905452723348755
gaussian_control,138,2500,3,2,0.25,0.0020836892002491945,0.0008258870260765592,0.0020836892002491945,0.00031185924212416446,0.00029800502433789986,1.0,2.522971223010879,0.39635806816956626,0.014604404767679251
gaussian_control,139,2500,3,2,0.25,0.0033923086873246825,0.0017463062291599412,0.0033923086873246825,0.00030206417287753087,0.0003520450637511473,1.0,1.9425623242245142,0.5147839981912589,0.017434211932228893
gaussian_control,140,2500,3,2,0.25,0.005595244019996613,0.004270995308279907,0.005595244019996613,5.9033480529437024e-05,7.226495148358461e-05,1.0,1.3100562318927087,0.7633260127737007,0.025075141072064863
gaussian_control,141,2500,3,2,0.25,0.0029447713059650494,0.002710111848924235,0.0029447713059650494,8.283651416884043e-05,0.00012782456445291343,1.0,1.086586631888998,0.9203131813443446,0.017484443030375545
gaussian_control,142,2500,3,2,0.25,0.00491701960763029,0.0033836183340639208,0.00491701960763029,0.00014763632813503955,0.00015078319955099285,1.0,1.4531838766001324,0.6881441613153589,0.02121512164926837
gaussian_control,143,2500,3,2,0.25,0.022170841641157218,0.018264340040638392,0.022170841641157218,0.00027461571234785244,0.00024209851042577223,1.0,1.2138868194430683,0.8238000314220402,0.0436343360693909
gaussian_control,144,2500,3,2,0.25,0.0044585478192416495,0.007234166072844257,0.0044585478192416495,0.0002615144190206734,0.000295512870835403,1.0,0.6163181456364717,1.6225386305433211,0.021647815569633293
gaussian_control,145,2500,3,2,0.25,0.0047733242245329285,0.004118522348627865,0.0047733242245329285,0.00013935301229939755,0.0001207152716973017,1.0,1.1589895162577468,0.862820574278267,0.022681408428882846
gaussian_control,146,2500,3,2,0.25,0.01897984619081509,0.020525436401246853,0.01897984619081509,0.0003780794696651586,0.000353253317732873,1.0,0.9246987893354671,1.0814332315917143,0.04003068297255243
gaussian_control,147,2500,3,2,0.25,0.014847720782262114,0.014498297241642375,0.014847720782262114,0.00015474003741142438,0.0001634404077047962,1.0,1.0241010054350463,0.9764661832112859,0.04437903775070579
gaussian_control,148,2500,3,2,0.25,0.007367582564810846,0.007915601078981389,0.007367582564810846,0.0002354380929649578,0.00023001954355066502,1.0,0.9307672899755246,1.0743824055380116,0.02576873587116768
gaussian_control,149,2500,3,2,0.25,0.017557282054096447,0.012535239862180494,0.017557282054096447,0.00015680930690564475,0.00018788380239955123,1.0,1.4006339126439638,0.7139624358461443,0.041323572031679225
centered_exponential_skew,0,2500,3,2,0.25,0.06026808277757166,0.019060383934771812,0.8233870752970749,0.000227537349320326,0.0002586964739350779,13.662075137447255,43.198871445342284,0.31626000125334996,0.06399021987752838
centered_exponential_skew,1,2500,3,2,0.25,0.024986243538059984,0.025986748086784545,0.6332464831501419,0.00039355041913096653,0.00034729444179903393,25.343804969544824,24.368054095701833,1.0400422155175328,0.054789951539024155
centered_exponential_skew,2,2500,3,2,0.25,0.24796759962847625,0.08821421352019482,1.5186282084218088,0.0002294201138920213,0.0002648565987033413,6.124300959871903,17.21523264586098,0.3557489512838129,0.12043315472408334
centered_exponential_skew,3,2500,3,2,0.25,0.026947679020395618,0.026943115785707364,0.7233749236455451,0.0003472149438625776,0.0003697584065148609,26.843681902922015,26.848228296939475,0.9998306631645419,0.04887149261575054
centered_exponential_skew,4,2500,3,2,0.25,0.00554181095620301,0.009381364933732242,0.5812274916962447,0.00020662592362298202,0.00020047623370208486,104.88042560269406,61.95553587371338,1.6928338061101809,0.023727553468902714
centered_exponential_skew,5,2500,3,2,0.25,0.09034849170380053,0.052092606681205786,0.9563513597361367,0.00025301768877161816,0.0002968844507488044,10.585139183855436,18.358677376019536,0.5765741707342138,0.07859818592162034
centered_exponential_skew,6,2500,3,2,0.25,0.025008785378103613,0.02809894883632266,0.5558245457234037,0.0002950045102419957,0.0003237333109307613,22.225171567510618,19.78097290973768,1.1235631163808792,0.05597527799808086
centered_exponential_skew,7,2500,3,2,0.25,0.023692208733906758,0.018888092809175326,0.5905253156722965,0.0002598689822408109,0.00018983590502046177,24.92487392394002,31.26442259884678,0.7972280263656427,0.054507917356351736
centered_exponential_skew,8,2500,3,2,0.25,0.07473339286431298,0.0780520216751354,0.773163809961074,0.00021779792605187184,0.00023836271841657205,10.345627039372363,9.90574995198845,1.044406237742314,0.07945262420757028
centered_exponential_skew,9,2500,3,2,0.25,0.03465846526046015,0.028112879140187088,0.46244548580708883,0.00023418168589013237,0.00021228684406724455,13.342930286490967,16.44959534386599,0.8111403355260354,0.06365138965249299
centered_exponential_skew,10,2500,3,2,0.25,0.043923772508494226,0.02720647991700948,0.46557128258097863,0.0003267567614681604,0.0002666177096033944,10.599528592197855,17.11251451864244,0.619402167966063,0.07882445604348107
centered_exponential_skew,11,2500,3,2,0.25,0.06643787859505225,0.03491266943063701,0.6948173349800914,0.0002818049699703861,0.0002301521069841521,10.458150526074077,19.901581469171944,0.5254934409244822,0.07178377278536015
centered_exponential_skew,12,2500,3,2,0.25,0.033561293797985545,0.014503351207958237,0.5735141915898873,0.00024240268044269022,0.00029562097309750483,17.08856026355907,39.54356364722039,0.43214517578666095,0.07226215903834012
centered_exponential_skew,13,2500,3,2,0.25,0.03850952627052411,0.024644272691776874,0.5479739182924951,0.0001770921589797379,0.00017479465267634554,14.229567885178692,22.235345516012696,0.6399526319449961,0.0719607986666018
centered_exponential_skew,14,2500,3,2,0.25,0.046372230870135756,0.040980761851242026,0.5298689414938925,0.00014513910019659388,0.00014742188457478957,11.426427660506066,12.92969963363025,0.8837349655660863,0.08184134747124086
centered_exponential_skew,15,2500,3,2,0.25,0.032288262666661356,0.03765235243146518,0.8262555525628336,0.00031427843608247,0.00033673275327849423,25.58996627018797,21.944327491005616,1.1661312601480542,0.05223977399784743
centered_exponential_skew,16,2500,3,2,0.25,0.010844602810321414,0.012702576348438549,0.7058755168781096,0.00030807448388631446,0.00029382399383783036,65.0900295035507,55.56947642081117,1.1713270251215468,0.033127040866677115
centered_exponential_skew,17,2500,3,2,0.25,0.04595359005596474,0.06194979697559313,0.6975432855654234,0.00021161554096059672,0.0002859655638343217,15.179299043141523,11.259815521917535,1.3480948256740626,0.06908121716817227
centered_exponential_skew,18,2500,3,2,0.25,0.05448421741720979,0.05638039478385483,0.7436626219243817,0.0002603202477418223,0.000278230037927062,13.649138359276185,13.190092491820188,1.0348023236183272,0.0715036968434235
centered_exponential_skew,19,2500,3,2,0.25,0.02184198148205508,0.007817135466500457,0.480270784322104,0.0003013466471828583,0.00036267537237609287,21.98842557927652,61.43820666537709,0.35789497729053815,0.05426891750683428
centered_exponential_skew,20,2500,3,2,0.25,0.03995699591355328,0.039215959594673916,0.6259208214632349,0.0001489310110127557,0.0001775265879105489,15.66486186342464,15.960869705410545,0.9814541533482,0.06034957381563531
centered_exponential_skew,21,2500,3,2,0.25,0.021754824772236718,0.008284209347934567,0.47024166913280485,0.00015616190253321915,0.00018450651435083354,21.615511687914047,56.76361489464849,0.3807987163613834,0.05791567143442947
centered_exponential_skew,22,2500,3,2,0.25,0.013129307518539059,0.011841333583007216,0.6019107579379898,0.0005580231881294998,0.0005693663560624708,45.844821372952836,50.8313319372875,0.9019008478769214,0.03289394453175403
centered_exponential_skew,23,2500,3,2,0.25,0.27770180537671485,0.28259340485004475,1.3702349233330693,0.00027839451510005485,0.00030313262547104275,4.934195229571103,4.848785922870953,1.0176145757017827,0.12451242197715405
centered_exponential_skew,24,2500,3,2,0.25,0.011995950894678913,0.01236888177865326,0.5465926138350786,0.00037145757363807856,0.00044279923248504994,45.56475919533254,44.19094818889864,1.0310880635681636,0.03784966868035286
centered_exponential_skew,25,2500,3,2,0.25,0.050657604111219355,0.05588189051940961,0.5487911316574642,5.339238478848286e-05,7.959327118369782e-05,10.833341633224242,9.820554146550412,1.103129362310943,0.07833034790547799
centered_exponential_skew,26,2500,3,2,0.25,0.004667763248390473,0.0025923205082976322,0.6901580859252815,0.00015388385790984451,0.0001843557189391775,147.85627487924975,266.23177331513915,0.555366750700458,0.02164772740675659
centered_exponential_skew,27,2500,3,2,0.25,0.022019391806275275,0.0312053898507441,0.7871522426279083,0.000353646599595532,0.00032454857569473496,35.74813734880629,25.224880906563595,1.4171776461986985,0.04577292095272044
centered_exponential_skew,28,2500,3,2,0.25,0.009809052725122313,0.005175908709875067,0.5352531559572382,0.00035741954687383185,0.00035706839410391106,54.56726260491825,103.41240272187062,0.5276665193794772,0.035166566464221866
centered_exponential_skew,29,2500,3,2,0.25,0.023317709887597706,0.023347705110795702,0.659293032920894,0.00014769331049840713,0.00014103179629449376,28.274347528080398,28.238022957384565,1.001286370889019,0.044934601810008405
centered_exponential_skew,30,2500,3,2,0.25,0.021991387123019616,0.020302872054020697,0.6065924866733303,0.00044958045393223397,0.0004476247989273517,27.583184420339542,29.877176246756836,0.9232192558134973,0.04498062567697257
centered_exponential_skew,31,2500,3,2,0.25,0.02515340350635316,0.020382412935262977,0.6885949434820561,0.0002048495279147963,0.0002260537266287977,27.375815893389266,33.783779460710434,0.8103242541358213,0.04849196113242565
centered_exponential_skew,32,2500,3,2,0.25,0.00905690369082053,0.00841975262406887,0.5935901609999168,0.00010096477020290073,0.00012713555641040086,65.54007652764817,70.49971507512801,0.9296502327393154,0.030986431369477683
centered_exponential_skew,33,2500,3,2,0.25,0.02959213831738216,0.01899763940618651,0.5229973439326633,0.00012759610146354425,0.000155654782035303,17.673523228480562,27.529596322496317,0.6419826510146942,0.06723270299566582
centered_exponential_skew,34,2500,3,2,0.25,0.02236644941394472,0.015328970902049252,0.7441751388071874,0.00023299694956419064,0.00018842548205693155,33.27193892219744,48.54697315053957,0.6853555796161442,0.04371739583179451
centered_exponential_skew,35,2500,3,2,0.25,0.012862599766935377,0.008557893610792169,0.5939623294750612,0.0003908186382786177,0.00039956895390440343,46.177471136270746,69.40520138343723,0.66533156328094,0.04298002050769071
centered_exponential_skew,36,2500,3,2,0.25,0.026751291662823043,0.029100320144577016,0.5362639697108607,0.00033112104231888145,0.0003439719456407928,20.04628324007698,18.428112372873535,1.0878099088209068,0.055959135806097
centered_exponential_skew,37,2500,3,2,0.25,0.05062602227921489,0.06700693431119277,0.7736755630397182,0.00035982873976182555,0.00042500861029490006,15.282171662089278,11.546201463965263,1.323567037157949,0.0743505991008584
centered_exponential_skew,38,2500,3,2,0.25,0.16004607050805947,0.07122637841810728,1.247816463785539,0.0005762683664347256,0.0005742449452588283,7.796607938104312,17.51902162511631,0.44503672093917807,0.10199583853471003
centered_exponential_skew,39,2500,3,2,0.25,0.05465009498375901,0.019079353222072024,0.3766431323067303,0.00029886394378979373,0.0003409823126408487,6.89190261094078,19.740875276160263,0.3491183908782236,0.0981184698262089
centered_exponential_skew,40,2500,3,2,0.25,0.03174085822627122,0.040679760632345484,0.6754547081664919,0.000324985917414248,0.0004159032694847499,21.280291268477193,16.60419573927928,1.2816213204555298,0.05632905515448212
centered_exponential_skew,41,2500,3,2,0.25,0.0783587269518126,0.014809160974223254,0.948820534731519,0.00017061519017208358,0.00019333936424256078,12.108677254481234,64.0698373380525,0.1889918526028413,0.07410586750464135
centered_exponential_skew,42,2500,3,2,0.25,0.02697899561075944,0.007207702024111436,0.45987187919444994,0.0002488368162520503,0.00027083545584312055,17.045552244763677,63.802842800114625,0.2671597611749841,0.06356549395605032
centered_exponential_skew,43,2500,3,2,0.25,0.037226945929632445,0.0366580343657289,0.788468048699109,0.00031138377421081615,0.00028981951884459405,21.180035831827205,21.508737779902273,0.9847177481338673,0.05896018844581155
centered_exponential_skew,44,2500,3,2,0.25,0.04592396566251975,0.024165792075041645,0.4616665289903723,0.0002638309026220291,0.00034912569192122386,10.052845444206824,19.104133957486958,0.526213094327005,0.09271897229985293
centered_exponential_skew,45,2500,3,2,0.25,0.024313552702171226,0.02346168818639573,0.78505901562559,0.0002780441091670237,0.00026821848544485714,32.288947042917485,33.46131827294537,0.9649633878598325,0.05076206209737129
centered_exponential_skew,46,2500,3,2,0.25,0.027685993828096965,0.03328459374420752,0.6359931498998097,0.00019097608483737943,0.0002564393445492691,22.9716568546792,19.107733589522656,1.2022177694206104,0.05298021393570373
centered_exponential_skew,47,2500,3,2,0.25,0.049306257268079634,0.047286877376933156,0.5495601550800432,0.0003413610491391102,0.0003264823742146525,11.145850152285293,11.621832219949507,0.9590441456513917,0.07195973433753361
centered_exponential_skew,48,2500,3,2,0.25,0.014863892504111565,0.012259234022679368,0.7916894085903643,0.00036026504693218207,0.0003561784304241871,53.26258975375203,64.57902729695451,0.8247660576991046,0.03525728700927876
centered_exponential_skew,49,2500,3,2,0.25,0.16428062333812307,0.17593469998248162,1.0219855937991769,0.00015183934537920082,0.000136955729123659,6.220974653204972,5.808891559771547,1.070940056152405,0.10140387809537367
centered_exponential_skew,50,2500,3,2,0.25,0.022236806111000908,0.007915593883585276,0.7970918692563447,0.0002929826021283892,0.00024913711919832663,35.84560953931286,100.6989344045669,0.3559681117905374,0.04340355260105467
centered_exponential_skew,51,2500,3,2,0.25,0.05657565431714782,0.07140185691978723,0.5330207018027849,0.00021517282413842322,0.00019078177948124873,9.421379358952086,7.465081789141419,1.2620597637197042,0.08138563156584301
centered_exponential_skew,52,2500,3,2,0.25,0.01936930356718044,0.009661201816228772,0.6752241974029561,0.00027382738192685075,0.00041325431540370543,34.860530481181755,69.89029007433864,0.49878932315350866,0.04064732608499601
centered_exponential_skew,53,2500,3,2,0.25,0.007515012473146559,0.008834615438909451,0.5876735806479986,0.0003252827967103997,0.0003305208146205068,78.19994747153598,66.51942970372701,1.1755955789133068,0.030124213619096556
centered_exponential_skew,54,2500,3,2,0.25,0.022834270036232698,0.005499151401445731,0.4407829057233517,0.00010398994062286218,0.00013205062035043244,19.303568934935573,80.15471361771738,0.24082886786920935,0.05730184835676063
centered_exponential_skew,55,2500,3,2,0.25,0.05435121989503486,0.05204570512941439,0.7316515396895739,0.0002406348584242856,0.0002351595426085219,13.46154770955587,14.057865829087795,0.9575811772013035,0.06296680348869618
centered_exponential_skew,56,2500,3,2,0.25,0.014389217940260211,0.009007549306931718,0.7387551623937335,0.0005262991101826084,0.000583211581933607,51.340883532435676,82.01511168251146,0.6259929722607862,0.034893901334283384
centered_exponential_skew,57,2500,3,2,0.25,0.010514756602262932,0.0059951656913457595,0.519754748576534,0.00023819329203662518,0.00023492906481171818,49.43098240283328,86.6956436795098,0.5701668538913692,0.03455786951487802
centered_exponential_skew,58,2500,3,2,0.25,0.05660559279934027,0.034227698047835924,0.9724950081751742,0.00017139470394600856,0.0001430321377793609,17.180192982388633,28.412515700472618,0.6046698984174377,0.06617530699530011
centered_exponential_skew,59,2500,3,2,0.25,0.03465379956891558,0.037550810710993074,0.6408529580530061,0.00022097286189217747,0.0002585845563562817,18.49300700139821,17.066288208403318,1.083598658101437,0.05574716666641887
centered_exponential_skew,60,2500,3,2,0.25,0.012556353228833465,0.0034138620869480435,0.5274677840530513,0.000284313852948619,0.0003312049081707153,42.00803963063208,154.50764284523336,0.27188324704888894,0.04002456776288585
centered_exponential_skew,61,2500,3,2,0.25,0.018553807271372104,0.019141815562864862,0.8280685771784215,0.0003209643928273336,0.0003674057466598361,44.630655318712044,43.259667530434015,1.031692055592279,0.0373352816550179
centered_exponential_skew,62,2500,3,2,0.25,0.03622831471175668,0.01620633820622492,0.4309152207986623,0.0004487859594797136,0.00045994128833849734,11.894431861574374,26.58930199501489,0.44733900362651147,0.07120997045265609
centered_exponential_skew,63,2500,3,2,0.25,0.010444886530523433,0.01229812891714672,0.673857588425237,0.00010327820849661443,9.678451526144256e-05,64.51554896800468,54.79350500918137,1.177430590673005,0.034481769040169676
centered_exponential_skew,64,2500,3,2,0.25,0.018001609051429793,0.006916542937318326,0.4457603892864211,0.00016508847367840724,0.0001576361844687982,24.76225253047678,64.44843808910855,0.3842180394851411,0.0460796043324024
centered_exponential_skew,65,2500,3,2,0.25,0.08713346189302122,0.07224309434766057,1.1075350383312919,0.00015272560103229713,0.0001288215930923223,12.710788877998175,15.330669987658922,0.8291085052532124,0.07752984844791905
centered_exponential_skew,66,2500,3,2,0.25,0.020831448715004853,0.01868261312174344,0.49856165918940937,0.000315716526259619,0.00029319458686510543,23.933124671751532,26.685863264447036,0.8968465600900041,0.051466239059047555
centered_exponential_skew,67,2500,3,2,0.25,0.03319336247006644,0.020188820408282522,0.7419188816915487,0.0004956116766957854,0.0005369756958313701,22.35142288945889,36.748996062552244,0.6082185987180018,0.053435682555054806
centered_exponential_skew,68,2500,3,2,0.25,0.041574646737048894,0.017762285474154104,0.45078991946893,0.0001786022819146087,0.00023411185596105283,10.84290438641809,25.379049341644365,0.4272383981154888,0.0825669598263823
centered_exponential_skew,69,2500,3,2,0.25,0.16409837243595454,0.06956683100347993,1.0359885747115862,0.0006946475459290628,0.0006666613008773288,6.313216635441763,14.891990331710856,0.423933704952686,0.11013440429595454
centered_exponential_skew,70,2500,3,2,0.25,0.0575459309981098,0.02345597252717967,0.3838221975169127,0.0003862431466352614,0.0004028624279426065,6.669840783869151,16.36351667244484,0.4076043626429491,0.09823797638061912
centered_exponential_skew,71,2500,3,2,0.25,0.013832008295326695,0.002249384326467504,0.5184605042138717,0.00016608403313417687,0.0001740233443581708,37.48266290362475,230.4899603475394,0.1626216727492482,0.041644083446796334
centered_exponential_skew,72,2500,3,2,0.25,0.026614767880269653,0.025052538962296925,0.6434235510633993,0.00034849860571603417,0.00040439832643592054,24.17543350210426,25.682967783493968,0.9413021776105417,0.054168148454887655
centered_exponential_skew,73,2500,3,2,0.25,0.06611282187047714,0.03318738967605948,0.363425767365138,9.581086139993185e-05,0.00011188187881279936,5.497054233702688,10.950718658879758,0.5019811397716091,0.10796373474546112
centered_exponential_skew,74,2500,3,2,0.25,0.16867528007004054,0.10365306126866795,1.0679345012476438,0.00015883630790186997,0.00017233296492837587,6.331304153188279,10.3029711633848,0.6145124598318567,0.1111413507112201
centered_exponential_skew,75,2500,3,2,0.25,0.02892180284809,0.03137549726148,0.6549275212987365,0.00013094805549974576,0.00015713828296535183,22.644768195769235,20.873853116673864,1.0848389163800707,0.05177485736580953
centered_exponential_skew,76,2500,3,2,0.25,0.028972127926830873,0.030748468733657986,0.5659492680354836,0.00017637914399216018,0.00020377018136793264,19.534266501403998,18.405770802367872,1.06131205865559,0.05933147649381912
centered_exponential_skew,77,2500,3,2,0.25,0.013387857022154124,0.01327582664888208,0.6299929947142646,0.00039278637426481803,0.00039445663670954024,47.057045326354846,47.454144391627366,0.9916319413116933,0.038933062524787614
centered_exponential_skew,78,2500,3,2,0.25,0.0025901767332569053,0.0010145267481431342,0.5743335012334072,0.0001511308086620463,0.00017594785520210664,221.735256077,566.1097672235819,0.3916824420191056,0.01734177987792863
centered_exponential_skew,79,2500,3,2,0.25,0.1743248590121519,0.1435635132889938,1.2262461430613243,0.00021808578518248915,0.0002055663098964863,7.034258625018276,8.541488815426849,0.8235401084075235,0.10682346253284927
centered_exponential_skew,80,2500,3,2,0.25,0.009509402080903014,0.002938202772405313,0.5371043693067357,0.00022655901647759453,0.00031082140737453463,56.481402798748015,182.80030716431588,0.3089787083780877,0.033979174699976814
centered_exponential_skew,81,2500,3,2,0.25,0.03462503865919557,0.0270083652568908,0.7769830176592109,0.00016767988756805202,0.00018478706372062275,22.43991769386409,28.76823570286153,0.7800241184631294,0.05329509932527162
centered_exponential_skew,82,2500,3,2,0.25,0.06621503998732728,0.04960481930016144,0.8485844807157302,7.911601483147754e-05,7.57826563094627e-05,12.815585112961324,17.10689591632014,0.7491473132033927,0.06654947440660863
centered_exponential_skew,83,2500,3,2,0.25,0.04509500056770268,0.0342967521743632,0.818523681753262,0.0002249513015130678,0.00022897633753450028,18.151095940765853,23.86592402662279,0.7605444448963317,0.059181044010645056
centered_exponential_skew,84,2500,3,2,0.25,0.04336137722404928,0.029553679170367348,0.7530277122841332,0.00045252018195094204,0.0005597637498914081,17.366323684628856,25.479998884171863,0.681566893451349,0.06728751537082028
centered_exponential_skew,85,2500,3,2,0.25,0.09547031609760007,0.03667050777410289,0.8750942987426942,0.0002400516718943636,0.00022766561719062272,9.166140162855209,23.86370824569534,0.38410376411254715,0.08321497802936056
centered_exponential_skew,86,2500,3,2,0.25,0.01905031388568243,0.010311182187206135,0.4611755376526656,0.0003171065231448156,0.00029931431669016613,24.20829076203671,44.72576754825272,0.5412604878366687,0.04920491940381539
centered_exponential_skew,87,2500,3,2,0.25,0.01982410122514084,0.02291223072464274,0.6235845877763581,0.00029096536703191757,0.0003775218598243902,31.45588194361774,27.21623203216418,1.1557765199254304,0.05391644411320922
centered_exponential_skew,88,2500,3,2,0.25,0.024402977742333153,0.02226737372783396,0.6271693656676263,0.00010946069396736125,0.00012840939516118682,25.700526070621372,28.16539450647796,0.9124859254043228,0.04491043070840442
centered_exponential_skew,89,2500,3,2,0.25,0.1250885293761111,0.07900954114845359,0.8812219835143841,0.0002136162975169892,0.0002259547912744407,7.044786503683017,11.153361615638643,0.6316289874261046,0.09307297442505921
centered_exponential_skew,90,2500,3,2,0.25,0.1304527710324739,0.09583802873791408,0.9130680060109017,0.00024141170432377129,0.0002681795282578956,6.999222774528948,9.527199359534475,0.7346569028729708,0.0926387272399589
centered_exponential_skew,91,2500,3,2,0.25,0.020779378300505514,0.03168057998679981,0.6669635357668489,0.00024803105594303206,0.00024664662295029074,32.09737683781536,21.0527564850375,1.5246163541875117,0.04846326773994807
centered_exponential_skew,92,2500,3,2,0.25,0.038012437058903725,0.014471613658458492,0.4213725077427344,0.0001317611613908561,0.0001245871410871829,11.085122142781305,29.11717502190552,0.38070733628663195,0.07781435687195795
centered_exponential_skew,93,2500,3,2,0.25,0.04014837405700618,0.01724577470112893,0.8989332348773869,0.00017886432963513227,0.0001778339893747137,22.39027746431282,52.12483929866841,0.42955101187016614,0.05690287034598717
centered_exponential_skew,94,2500,3,2,0.25,0.024078162815451276,0.024269703192446174,0.5747196479035127,0.0001512674651200909,0.00013920581776357915,23.868916092498033,23.680538791359897,1.0079549415153877,0.05226900535833461
centered_exponential_skew,95,2500,3,2,0.25,0.050899494456127535,0.02111602089559894,0.3600295212035929,0.0002776872937492421,0.00029825675636141827,7.073341789551915,17.05006463971776,0.41485718318479076,0.09403532964680787
centered_exponential_skew,96,2500,3,2,0.25,0.008121061601235803,0.006150913590881274,0.6338777255515438,0.0001722610816884301,0.00012503226700593658,78.05355465535256,103.05424002237118,0.7574026516367359,0.026655858184029255
centered_exponential_skew,97,2500,3,2,0.25,0.017732690616714647,0.011859451701286947,0.6229535680724418,0.00022356293371189668,0.00017806652554324895,35.13023384535071,52.52802437779152,0.6687903126279299,0.04048540968337673
centered_exponential_skew,98,2500,3,2,0.25,0.010262757402607913,0.010018241274946249,0.6013771436035376,0.0003263347613564227,0.00032109426589939453,58.59800831409296,60.02821524247669,0.9761744219346421,0.03258881055674412
centered_exponential_skew,99,2500,3,2,0.25,0.03272138242947105,0.03545749997077728,0.7035182135191013,0.0002743845728905232,0.0002989838652245489,21.50025950265066,19.841167992636652,1.0836186413335,0.05427380143611457
centered_exponential_skew,100,2500,3,2,0.25,0.03725739900268678,0.035260969570022054,0.987544030842049,0.0005702329138055174,0.0005120983458488462,26.505984241434387,28.00671799114772,0.9464152225838214,0.051994007962714646
centered_exponential_skew,101,2500,3,2,0.25,0.0177651964907988,0.005290458972880962,0.524857076925822,0.00017229163906043373,0.000173912928127341,29.544118872969587,99.20823119813494,0.29779906884908763,0.048826950613938366
centered_exponential_skew,102,2500,3,2,0.25,0.0451003271894792,0.04195722683352033,0.5750718851875003,0.00015110177263400853,0.00017205630569844363,12.750947077866222,13.706146201446893,0.9303087016918121,0.07561640733199368
centered_exponential_skew,103,2500,3,2,0.25,0.13165009997285435,0.07770648393079986,1.0108862825792626,0.00021519855633421778,0.00018670982466876933,7.67858347838477,13.009033885505483,0.5902500943548283,0.09915505983627051
centered_exponential_skew,104,2500,3,2,0.25,0.2665320182020167,0.1843982092168615,1.038193935531181,0.00019582189418835026,0.00018367050284387367,3.8951940653684862,5.630173633140943,0.6918426178617599,0.15832320153518967
centered_exponential_skew,105,2500,3,2,0.25,0.05460197335023222,0.006362611171972071,0.3723883728479777,0.0003025621925544904,0.00028648313551969543,6.82005337901206,58.52760176331145,0.11652712862885954,0.09673619281725888
centered_exponential_skew,106,2500,3,2,0.25,0.0235320082680059,0.013835068015118388,0.4748136130854344,0.0002521540513068239,0.00022242839118922405,20.1773519572909,34.3195720155895,0.5879255122448914,0.052370777892564585
centered_exponential_skew,107,2500,3,2,0.25,0.029595692776963813,0.03961991318739303,0.7894923668820214,0.0002702264638746458,0.0002514633238742815,26.675921149463104,19.926655647828024,1.338705381420627,0.055352160361901076
centered_exponential_skew,108,2500,3,2,0.25,0.046210295945679325,0.06682668905759105,0.8038819778733723,8.060590255606594e-05,9.506021259496889e-05,17.39616597172076,12.029355175453764,1.4461428495534092,0.06757494320976827
centered_exponential_skew,109,2500,3,2,0.25,0.27157031652369,0.2754724575436607,1.5319819436342934,0.00019660367008413103,0.0002249545021812071,5.641198063340819,5.561288984367825,1.014368805361061,0.11756726448588575
centered_exponential_skew,110,2500,3,2,0.25,0.027517862598456302,0.019088461364038033,0.4840111883271593,0.0002990521177243853,0.0003188512396766532,17.58898194201723,25.356218036463574,0.6936752916670519,0.05755807720082428
centered_exponential_skew,111,2500,3,2,0.25,0.028932654462289435,0.01933289087673676,0.5758367247103132,0.00030048456178612473,0.00030505093008450227,19.90265792794276,29.785339832607068,0.668203150939195,0.05586960103486134
centered_exponential_skew,112,2500,3,2,0.25,0.011537515823302119,0.007923213825810668,0.6667959566033275,0.00024440013147660866,0.0002725282229809211,57.79371979335546,84.15725881727089,0.6867348177159845,0.03840993595001411
centered_exponential_skew,113,2500,3,2,0.25,0.06692632073075311,0.013291468381755626,0.33361169192775947,8.368696058282773e-05,0.0001560312309259825,4.98476067838677,25.099686682149244,0.1985985220258508,0.10973194198785055
centered_exponential_skew,114,2500,3,2,0.25,0.027115966510543304,0.026764340061362964,0.516903846432022,0.0002046323759969026,0.0002098958478676168,19.062711492545844,19.313154938508088,0.987032494340793,0.0583251778413437
centered_exponential_skew,115,2500,3,2,0.25,0.009631324394075966,0.009452126400482395,0.651333320281686,0.0004273610056786895,0.0003805147963592075,67.62655826256957,68.9086553316135,0.9813942521026712,0.03280122844630587
centered_exponential_skew,116,2500,3,2,0.25,0.01078915343145834,0.006249614725520143,0.5373708052454029,0.00025517343525219787,0.00024833857739734247,49.80657737970161,85.98462926859521,0.5792497775866182,0.03546003448765142
centered_exponential_skew,117,2500,3,2,0.25,0.023599824670349955,0.019583460233314542,0.6152694110373726,0.00023175869849417712,0.00024963945859645846,26.070931442570288,31.41780889113267,0.8298138018761876,0.05380806150989616
centered_exponential_skew,118,2500,3,2,0.25,0.04264236410671018,0.020085075566159304,0.5010505147056642,0.00026120625633205806,0.00022860235369186603,11.750064172141412,24.946409240793102,0.4710122430336532,0.07941001028837824
centered_exponential_skew,119,2500,3,2,0.25,0.009962080990787176,0.004629726842625714,0.5105142346566675,0.0002262247937324342,0.00023251500197647674,51.24574224288936,110.2687592616443,0.4647349130073561,0.03303253228145053
centered_exponential_skew,120,2500,3,2,0.25,0.022975420577728185,0.013994396924087344,0.7943849534296664,0.000388602703251646,0.00033655566508219287,34.57542597499712,56.76450065971477,0.6091029705742654,0.04369032727685348
centered_exponential_skew,121,2500,3,2,0.25,0.041856918414980786,0.05090332088228662,0.5941638239391299,0.00021655324316082505,0.00021074100847551661,14.195116277993268,11.672398060494467,1.216126815108971,0.06959156749152236
centered_exponential_skew,122,2500,3,2,0.25,0.024201919549944863,0.01655598027036298,0.7561657835385868,0.00010356311064114224,9.97917187976386e-05,31.244041695870752,45.673271602781895,0.6840771549627227,0.04464962131867214
centered_exponential_skew,123,2500,3,2,0.25,0.2876950589729289,0.2639321945322964,1.4738580853639531,0.0001528489828406123,0.0001272926894964488,5.122987133062435,5.584230025350707,0.9174025979957183,0.12472645731803887
centered_exponential_skew,124,2500,3,2,0.25,0.01632678870923758,0.017293639301139765,0.6003737266835515,0.00018237106678969941,0.00018388283622896887,36.772309446490496,34.71644783547572,1.0592186625992868,0.04493783129397327
centered_exponential_skew,125,2500,3,2,0.25,0.09672300046185761,0.0915914016588297,0.5609542697234241,8.737762410306152e-05,0.00010110159776718801,5.799595412102983,6.124529809172828,0.9469454134122779,0.10935113131549007
centered_exponential_skew,126,2500,3,2,0.25,0.007046065266165581,0.005734646865571616,0.5366118291921859,0.00021410939383064467,0.0002787265031805414,76.15765805760216,93.57364834681894,0.813879328241359,0.028365652893379247
centered_exponential_skew,127,2500,3,2,0.25,0.059183174091872244,0.054507361257865344,0.4196727418285579,0.0001812321765079181,0.00019273894654472926,7.091082022351222,7.699377334432964,0.9209942199661603,0.08928744354178965
centered_exponential_skew,128,2500,3,2,0.25,0.015694672013650202,0.0138133872475912,0.5227171459049637,0.00013971878781646708,0.00014348379866728231,33.30538831587805,37.84134452584147,0.8801322662606276,0.043414319345842854
centered_exponential_skew,129,2500,3,2,0.25,0.015638025877736536,0.007163671292018424,0.4845806568627739,0.00012042762132976785,0.0001265833035864179,30.987329260828197,67.64417811893199,0.45809307057210863,0.044206961568426774
centered_exponential_skew,130,2500,3,2,0.25,0.10408922807861395,0.042580080106432126,0.9644029703086304,0.00038527430318929974,0.00036799677256702586,9.265156328955191,22.649158195523174,0.40907287807219866,0.08678415416382561
centered_exponential_skew,131,2500,3,2,0.25,0.22029003381941092,0.06943653063512603,1.282217159647815,0.00035181861572134685,0.0003535458045837775,5.820586330741359,18.46603146671583,0.3152050477782786,0.11104790101143895
centered_exponential_skew,132,2500,3,2,0.25,0.029120513360543866,0.0212716082377391,0.5058886508938847,0.00016095402068000883,0.00017349618869448645,17.372243566946395,23.78234147789355,0.7304681745947703,0.061348271129044285
centered_exponential_skew,133,2500,3,2,0.25,0.04694115789408764,0.007514796137678614,0.5192585931315671,0.00014744067301502035,0.00018228449324182619,11.061904231317843,69.09816096381432,0.16008970538464543,0.09298437099169461
centered_exponential_skew,134,2500,3,2,0.25,0.13146013580387286,0.10583436088404265,0.7861302549662376,0.00021105976021111665,0.00024006900380355443,5.9799896764071185,7.427930290310542,0.8050680933567447,0.1204706084391069
centered_exponential_skew,135,2500,3,2,0.25,0.03241203470712633,0.025967208559195314,0.5592225858936574,7.705422979328406e-05,8.557506465123187e-05,17.253547669770416,21.535722048014655,0.8011594703582736,0.06911054132982355
centered_exponential_skew,136,2500,3,2,0.25,0.015231540141048655,0.007124840219716105,0.5467296614621463,0.0002057145822086497,0.00015698660512817073,35.89457509872703,76.73570839514646,0.46776886340697893,0.0448131401218277
centered_exponential_skew,137,2500,3,2,0.25,0.02344561683629887,0.02189006154143718,0.726100471020072,0.000375977772637246,0.0003614187766345653,30.96956143614494,33.17032570445667,0.9336526180683224,0.046615338595698275
centered_exponential_skew,138,2500,3,2,0.25,0.04752464370988855,0.04740585144590437,0.4672940317994304,0.00015306922676024015,0.0001685787345038793,9.832667755533317,9.857307010563193,0.9975004070580867,0.07853899146436306
centered_exponential_skew,139,2500,3,2,0.25,0.03418762605633451,0.028066211133890046,0.4866141568985146,0.00013737830169640656,0.00012552114559562786,14.233634008300834,17.338077967742727,0.8209464760039912,0.07192581518259543
centered_exponential_skew,140,2500,3,2,0.25,0.025434965953699786,0.004024610481441064,0.4775320234784971,0.0001285867679109051,0.000167083737442278,18.774627980543258,118.65297913439578,0.158231408241993,0.06122671601112723
centered_exponential_skew,141,2500,3,2,0.25,0.026033249630997318,0.028101551856801257,0.5341285463732975,0.00015361984783351452,0.00017095149060529144,20.51716762003159,19.007083633497825,1.0794484843467735,0.06124065506430598
centered_exponential_skew,142,2500,3,2,0.25,0.038772337525350885,0.019087769139216827,0.45363068574325005,0.0004124008743364001,0.00038263941284022635,11.699853934435819,23.765516149880604,0.4923038010472412,0.07629948691028855
centered_exponential_skew,143,2500,3,2,0.25,0.025249756217607774,0.025241193222615418,0.8098890307276493,0.00040885027839673957,0.00044868275746201336,32.07512277535883,32.08600415934421,0.9996608682112192,0.04566997896331428
centered_exponential_skew,144,2500,3,2,0.25,0.017438087804557537,0.017722672383208852,0.5879831088680281,0.00043044492007359185,0.0004022262092382763,33.7183248219656,33.17688755704281,1.0163197124501768,0.03862370549369262
centered_exponential_skew,145,2500,3,2,0.25,0.013334619949777263,0.004486719021813571,0.5986744213723071,0.00015638498799885468,0.00018843859145505564,44.896249283978065,133.4325636309442,0.3364714584076703,0.04307242709200458
centered_exponential_skew,146,2500,3,2,0.25,0.040114946310171824,0.054558532327410154,0.8203692230958868,5.2740029274498326e-05,7.876192591785527e-05,20.450462945973538,15.03649728282251,1.3600549756581854,0.059507050258575195
centered_exponential_skew,147,2500,3,2,0.25,0.26685712431865855,0.15313300463527618,1.236948009333523,0.0003488635098619052,0.000274235895054313,4.635244468333784,8.077605557858792,0.5738389223306533,0.1182585019682063
centered_exponential_skew,148,2500,3,2,0.25,0.09069310930318365,0.09581984273429725,0.648263622952795,0.0002675127507150729,0.0003406927014879867,7.147881773307321,6.765442359891903,1.0565283677062511,0.08736173710768737
centered_exponential_skew,149,2500,3,2,0.25,0.015540145777630365,0.016493294314508317,0.7505693484919487,0.0003993146598582622,0.0003856696680914616,48.29873279389526,45.50754592620777,1.06133459431571,0.03679689707758817
uniform_platykurtic,0,2500,3,2,0.25,0.0035946182305999267,0.0031504534004915133,0.0035946182305999345,0.0003866909088929943,0.00039615998537755075,1.0000000000000022,1.1409844151445394,0.8764361605003366,0.020152158204054593
uniform_platykurtic,1,2500,3,2,0.25,0.001039040635776091,0.0010174187590565919,0.0010390406357760422,9.55345359913748e-05,0.00010199324386390044,0.999999999999953,1.0212516985036717,0.9791905379106284,0.01020477934806632
uniform_platykurtic,2,2500,3,2,0.25,0.004134287220637722,0.0027861484219441294,0.004134287220637625,0.0003481680119766771,0.00038903928558187237,0.9999999999999765,1.4838718526534154,0.6739126415881576,0.019561514706292478
uniform_platykurtic,3,2500,3,2,0.25,0.0056718556103410485,0.004799358456008648,0.0056718556103410745,0.00020367269478920074,0.00023051251733807536,1.0000000000000047,1.1817945382346025,0.8461707747387565,0.022809716742658016
uniform_platykurtic,4,2500,3,2,0.25,0.0053529197673840645,0.00437642118836185,0.005352919767384039,0.00028268692035160855,0.0002874738518504711,0.9999999999999953,1.223127193885949,0.8175764589314173,0.023649795718434025
uniform_platykurtic,5,2500,3,2,0.25,0.009720116411949864,0.00652241466362017,0.009720116411949899,0.0001630989048916216,0.00018356224971880836,1.0000000000000036,1.4902634857249157,0.6710222786634062,0.030283950000446522
uniform_platykurtic,6,2500,3,2,0.25,0.012345690210557085,0.012537259745081629,0.012345690210557063,0.00027046031050986113,0.00027922272047944827,0.9999999999999982,0.9847199835993093,1.0155171182216065,0.036652853262225935
uniform_platykurtic,7,2500,3,2,0.25,0.0051992071158728,0.004211304236195732,0.005199207115872858,0.0001637871571338826,0.0001580405851309624,1.000000000000011,1.2345835931743427,0.8099897046491815,0.022323032232864175
uniform_platykurtic,8,2500,3,2,0.25,0.006673751274718236,0.0017083621672784562,0.006673751274718169,0.0002885519013035015,0.0003215213179323773,0.9999999999999899,3.906520176193046,0.25598229495758107,0.024830944904889057
uniform_platykurtic,9,2500,3,2,0.25,0.013939204897795411,0.006619259615420463,0.013939204897795427,0.00022790459410552803,0.00029139505853034427,1.000000000000001,2.1058555952877507,0.4748663689180254,0.03862338578423409
uniform_platykurtic,10,2500,3,2,0.25,0.025642232550177484,0.008571763397476345,0.02564223255017729,0.0004092013609269056,0.0004236599966080335,0.9999999999999925,2.9914769413405353,0.3342830379805215,0.046364529926669486
uniform_platykurtic,11,2500,3,2,0.25,0.009461684445502654,0.008923064079654531,0.009461684445502914,0.00038266869265781393,0.0003504034110777125,1.0000000000000275,1.0603627140901621,0.9430735225899295,0.02984251627451234
uniform_platykurtic,12,2500,3,2,0.25,0.02423243059494443,0.014256835492970861,0.02423243059494442,0.00017386018371839008,0.00023026269479885792,0.9999999999999996,1.699706123907503,0.5883369989284212,0.05270541959993928
uniform_platykurtic,13,2500,3,2,0.25,0.00990374088098837,0.008689629007791553,0.009903740880988365,0.0002906860196502392,0.0002901017119181294,0.9999999999999994,1.1397196441997903,0.8774087602062088,0.03210590412584787
uniform_platykurtic,14,2500,3,2,0.25,0.0062419263545284084,0.004779805298334888,0.006241926354528481,0.0002695819674440638,0.00027914939223324124,1.0000000000000118,1.3058955260589682,0.7657580411642029,0.0255347420826151
uniform_platykurtic,15,2500,3,2,0.25,0.0056143828830707366,0.005129024957716026,0.0056143828830708025,0.00010385612846535541,0.00015158548913569363,1.0000000000000118,1.094629667306378,0.9135509751537914,0.02475459188360859
uniform_platykurtic,16,2500,3,2,0.25,0.0037141408869748307,0.0034235983961683255,0.0037141408869749066,0.00015733342265354108,0.00020196103935320194,1.0000000000000204,1.0848646532641664,0.921773971519117,0.01940492154096952
uniform_platykurtic,17,2500,3,2,0.25,0.004941140606634972,0.006480438386327522,0.0049411406066349585,0.00015466726439066657,0.00011909446725032228,0.9999999999999972,0.7624701157655961,1.3115268117700551,0.022490993140993946
uniform_platykurtic,18,2500,3,2,0.25,0.0025424051001634055,0.0037565405170895557,0.002542405100163449,0.0003939234402218301,0.0004137912039467517,1.000000000000017,0.676794270845033,1.4775538787458047,0.016410706302960112
uniform_platykurtic,19,2500,3,2,0.25,0.006308971552186132,0.006005454027378835,0.006308971552186291,0.0001690919042265721,0.0002383387329181893,1.000000000000025,1.0505403127596549,0.9518911248375934,0.02420134753251774
uniform_platykurtic,20,2500,3,2,0.25,0.0055292971488055944,0.0052632216286144185,0.0055292971488055745,0.0005165845696103536,0.000464772233700629,0.9999999999999964,1.0505537366590436,0.9518789616418695,0.023142160946145417
uniform_platykurtic,21,2500,3,2,0.25,0.013020437527032544,0.006462947772553995,0.013020437527032552,0.000505315432703161,0.0005163589887494785,1.0000000000000007,2.0146283066569177,0.4963694775337515,0.038274543140381735
uniform_platykurtic,22,2500,3,2,0.25,0.0036337122001073616,0.001414940144167781,0.0036337122001073594,0.00019410334169231596,0.00018305798685029403,0.9999999999999994,2.5681031208882574,0.38939246320222476,0.0198533398867114
uniform_platykurtic,23,2500,3,2,0.25,0.0051334684006311675,0.003854990972203051,0.005133468400631167,0.00031437892124590495,0.0003620570942839344,0.9999999999999998,1.3316421329250199,0.7509525083916119,0.022383432759821447
uniform_platykurtic,24,2500,3,2,0.25,0.006554289709813428,0.0034648561684535086,0.006554289709813688,0.00023850272024363896,0.00027436235546203275,1.0000000000000397,1.8916484238187314,0.5286394593247448,0.024805178726140225
uniform_platykurtic,25,2500,3,2,0.25,0.0021297994919904015,0.0015997871028307481,0.002129799491990401,0.00013916876684558986,0.00016419346816317989,0.9999999999999998,1.331301826487925,0.751144466343951,0.014561112182098762
uniform_platykurtic,26,2500,3,2,0.25,0.008717906785080443,0.009244924885922505,0.008717906785080382,0.000129162761995487,0.00017540989113670912,0.999999999999993,0.9429937930978078,1.0604523670457209,0.03106992497045324
uniform_platykurtic,27,2500,3,2,0.25,0.0024215606537212934,0.0031320928336396573,0.002421560653721297,0.0001757864792822268,0.0001537669392222929,1.0000000000000013,0.7731445976674055,1.2934191133418298,0.015778830519370145
uniform_platykurtic,28,2500,3,2,0.25,0.021633208822462984,0.012758442480936008,0.021633208822462828,0.0005649919610083474,0.0005928844203718088,0.9999999999999928,1.6955995102684143,0.5897619065965006,0.041663399874764376
uniform_platykurtic,29,2500,3,2,0.25,0.007823031761225832,0.0036974667594932903,0.007823031761225913,0.0003625050573780257,0.0003264272300353822,1.0000000000000104,2.115781498546318,0.4726385974577604,0.029815593766436506
uniform_platykurtic,30,2500,3,2,0.25,0.008357673370685275,0.0059758466885988576,0.00835767337068516,0.0002799522659056307,0.00021417309403442295,0.9999999999999861,1.3985756004467984,0.7150131889048539,0.027162402721185225
uniform_platykurtic,31,2500,3,2,0.25,0.008440797131100871,0.004824161709937371,0.008440797131100809,0.0004982559009446422,0.0005624571216350671,0.9999999999999926,1.7496919959613857,0.5715291618800215,0.02815518267727665
uniform_platykurtic,32,2500,3,2,0.25,0.011738413203417014,0.00671411427843209,0.011738413203417116,0.00047931045843885886,0.0004776917098796203,1.0000000000000087,1.7483189467186613,0.5719780145818716,0.03285123444193631
uniform_platykurtic,33,2500,3,2,0.25,0.013372076287917485,0.014529881401320673,0.013372076287917345,0.0001466368020133682,8.418819634293925e-05,0.9999999999999895,0.9203155840419942,1.0865837951021367,0.034652097571448714
uniform_platykurtic,34,2500,3,2,0.25,0.008579378908743012,0.005182959909604135,0.008579378908743092,0.000496470413682178,0.000498345378168403,1.0000000000000093,1.6553048949588285,0.6041183126114551,0.031154722796889047
uniform_platykurtic,35,2500,3,2,0.25,0.011203716422617199,0.007643288325342182,0.011203716422617247,9.407373700586655e-05,8.340278231043575e-05,1.0000000000000044,1.4658241251308113,0.6822100843174235,0.03268443015271031
uniform_platykurtic,36,2500,3,2,0.25,0.00495248819790212,0.0007456485197431806,0.0049524881979021084,9.102162683775128e-05,5.574880212951524e-05,0.9999999999999977,6.641853456113432,0.1505603829725507,0.023028320398151055
uniform_platykurtic,37,2500,3,2,0.25,0.006742456749163615,0.003909666227044979,0.006742456749163615,0.0001533335707548634,0.000269256368673974,1.0,1.7245607061091064,0.579857813330425,0.027092142133636348
uniform_platykurtic,38,2500,3,2,0.25,0.0027525503800785987,0.004129399686715114,0.0027525503800784755,5.9397029540245955e-05,7.597280640779286e-05,0.9999999999999553,0.6665739790056736,1.5002085762358326,0.017083455854493418
uniform_platykurtic,39,2500,3,2,0.25,0.0017464037472665285,0.0011109012030210118,0.0017464037472664778,0.00012529370980301975,0.00010973609410957343,0.9999999999999709,1.5720603619091102,0.6361078901484233,0.013077336611249012
uniform_platykurtic,40,2500,3,2,0.25,0.0037369146955173595,0.006845841058741095,0.003736914695517401,0.0001707572768762612,0.0002001156184198093,1.000000000000011,0.545866411950352,1.8319500487803666,0.019213393487173866
uniform_platykurtic,41,2500,3,2,0.25,0.005633123772761201,0.003429705454524171,0.005633123772761173,0.0002634165735693313,0.0002720579557939368,0.9999999999999951,1.6424511805614221,0.6088461026026816,0.023219075953596645
uniform_platykurtic,42,2500,3,2,0.25,0.007700111405695022,0.005710037333221247,0.007700111405695141,0.00020575274744445422,0.000252134939833011,1.0000000000000153,1.3485220772367907,0.7415525610445179,0.028734932743161492
uniform_platykurtic,43,2500,3,2,0.25,0.0035355943420853644,0.0013195881314794395,0.003535594342085338,8.913785710808401e-05,8.07104402025285e-05,0.9999999999999926,2.6793165668453316,0.3732295064996399,0.019627047714684064
uniform_platykurtic,44,2500,3,2,0.25,0.0038831436097481833,0.0032219493278799823,0.0038831436097481785,0.0001408593535708662,0.00016811843858402777,0.9999999999999988,1.2052156053935388,0.8297270592289326,0.019659197564867194
uniform_platykurtic,45,2500,3,2,0.25,0.004327087925710223,0.003212747483529737,0.004327087925710201,0.0001569761289034147,0.00019688815934395008,0.9999999999999948,1.3468496817422375,0.7424733536012941,0.020705487224112796
uniform_platykurtic,46,2500,3,2,0.25,0.024719616419715366,0.01838453462833006,0.024719616419715446,0.00021578673129036755,0.00018496846656414158,1.0000000000000033,1.3445875524976956,0.7437224880911703,0.05375161946269343
uniform_platykurtic,47,2500,3,2,0.25,0.005419667758805753,0.004246476021617321,0.005419667758805762,0.0002855229560600371,0.0003794868467106614,1.0000000000000016,1.2762741932878305,0.7835306905516012,0.024643785983585197
uniform_platykurtic,48,2500,3,2,0.25,0.010350533746724093,0.004820364620152025,0.010350533746724323,0.00021527972515638475,0.0002682046543972615,1.0000000000000222,2.1472512065690763,0.46571169546475355,0.03356862856561647
uniform_platykurtic,49,2500,3,2,0.25,0.011279523908162321,0.004539249404491562,0.011279523908162439,0.0004037520747058224,0.00042657952257969,1.0000000000000104,2.4848874567238832,0.4024327127146543,0.03189903463627641
uniform_platykurtic,50,2500,3,2,0.25,0.013935809105963686,0.00297639527355219,0.013935809105963669,0.0002769198599347093,0.00029913341175552175,0.9999999999999988,4.682109674677693,0.21357893545473958,0.03564277062770765
uniform_platykurtic,51,2500,3,2,0.25,0.00441214780139727,0.004471289719407117,0.004412147801397289,0.0003410559226661669,0.000326029860899519,1.0000000000000042,0.9867729622276253,1.0134043374501456,0.021223300266994836
uniform_platykurtic,52,2500,3,2,0.25,0.007650812855432895,0.0019949772936209147,0.00765081285543299,0.00029394126464468934,0.00032438011112851376,1.0000000000000124,3.835037561528656,0.2607536390338273,0.02699970121114536
uniform_platykurtic,53,2500,3,2,0.25,0.012036323550365456,0.006628822473820822,0.012036323550365494,0.00021956945995823648,0.0002505727577651224,1.000000000000003,1.8157559050495757,0.550734819156598,0.035742032430744135
uniform_platykurtic,54,2500,3,2,0.25,0.0033389902471551115,0.0027972457193618785,0.0033389902471550642,0.00016721212226339643,0.00016367395930052528,0.9999999999999858,1.1936706968727693,0.8377519885675586,0.018463341433663127
uniform_platykurtic,55,2500,3,2,0.25,0.0020502624640677054,0.001232996703175626,0.002050262464067691,0.00016812597995758866,0.0001387297580515797,0.999999999999993,1.662828828971861,0.601384810376604,0.014232433291454818
uniform_platykurtic,56,2500,3,2,0.25,0.00788166855019252,0.004708389591710911,0.00788166855019253,0.00019702604660380845,0.00021712974042549136,1.0000000000000013,1.673962699277935,0.5973848762767248,0.029344303095949677
uniform_platykurtic,57,2500,3,2,0.25,0.0020099742642704734,0.002086679667195524,0.0020099742642704964,0.00017584382433087628,0.00017154965523124007,1.0000000000000115,0.9632404512628818,1.0381623806277394,0.014074216652980072
uniform_platykurtic,58,2500,3,2,0.25,0.004939571460036632,0.005188550097579547,0.0049395714600366835,0.0001422450000584945,0.0001672946869084004,1.0000000000000104,0.9520138318296258,1.0504049064898169,0.02212068610193683
uniform_platykurtic,59,2500,3,2,0.25,0.04070114764271398,0.027235409521067868,0.040701147642714236,0.00031708377632915934,0.0002750196857713238,1.0000000000000062,1.494420255044448,0.6691558125129022,0.05951693906600011
uniform_platykurtic,60,2500,3,2,0.25,0.005715945537057569,0.006395914201035759,0.005715945537057593,0.00027351370585587036,0.00027479656189021405,1.0000000000000042,0.8936870254031782,1.1189599620167519,0.02403561118978746
uniform_platykurtic,61,2500,3,2,0.25,0.0035457710979422538,0.0045957705038629825,0.003545771097942226,0.00010856169835214921,0.00013132314260423246,0.9999999999999921,0.7715291907987621,1.2961272391582421,0.018847141963259026
uniform_platykurtic,62,2500,3,2,0.25,0.010767849027910207,0.008689232385251973,0.010767849027910241,0.0002679379569966358,0.00028905658263710793,1.0000000000000033,1.2392175223885433,0.8069608296633366,0.03414392556617918
uniform_platykurtic,63,2500,3,2,0.25,0.030694002011540805,0.021082116825848814,0.030694002011540985,8.442592492007263e-05,0.00010369899116505724,1.0000000000000058,1.4559259995138165,0.686848095530913,0.05213670284130067
uniform_platykurtic,64,2500,3,2,0.25,0.009041316583758641,0.0043836928719328165,0.00904131658375863,0.00026187970985654016,0.0001775153509620641,0.9999999999999989,2.0624886021661957,0.4848511642438733,0.029545790172781448
uniform_platykurtic,65,2500,3,2,0.25,0.007244713070592833,0.007710393503904405,0.007244713070592847,0.00033893395982708904,0.00034041839007581615,1.000000000000002,0.93960354512701,1.0642786579363406,0.027262366098305624
uniform_platykurtic,66,2500,3,2,0.25,0.013180255503072691,0.007932769620851638,0.013180255503072794,0.0002577861670460854,0.00023874473407873892,1.0000000000000078,1.661494803583846,0.6018676662984481,0.03589826971880776
uniform_platykurtic,67,2500,3,2,0.25,0.0032268384208893417,0.004769358705862794,0.0032268384208893434,0.00021241739700828043,0.0002448639635433255,1.0000000000000004,0.6765770033029204,1.478028362061067,0.018304374304341064
uniform_platykurtic,68,2500,3,2,0.25,0.009369443379577227,0.006112566790868691,0.009369443379577286,0.00025911410090271995,0.0002569559144886947,1.0000000000000062,1.5328165237513491,0.6523938021966578,0.030422505732755983
uniform_platykurtic,69,2500,3,2,0.25,0.015882749111013835,0.005529653797794993,0.015882749111013825,0.00012984879433362254,0.00015206625745610206,0.9999999999999993,2.87228634771805,0.3481547028883353,0.042818269147819624
uniform_platykurtic,70,2500,3,2,0.25,0.006394187230586996,0.0028658368505620766,0.006394187230586901,0.0001723743779952381,0.00015003582783648027,0.9999999999999852,2.2311762895130647,0.4481940780296777,0.023810683815505884
uniform_platykurtic,71,2500,3,2,0.25,0.007417038240046182,0.003479951776471778,0.007417038240046233,0.00010153818003355202,0.00011571198206695371,1.0000000000000069,2.1313623626032405,0.4691834751077285,0.027962807434832405
uniform_platykurtic,72,2500,3,2,0.25,0.003995806382163927,0.0038818746217413914,0.003995806382163938,0.00020245390979424844,0.0001623496705026028,1.0000000000000027,1.0293496754852522,0.9714871669130184,0.019991286567778335
uniform_platykurtic,73,2500,3,2,0.25,0.005789263311969526,0.004325671872237331,0.005789263311969499,0.0001627649220514938,0.00016947766647489536,0.9999999999999953,1.3383500836310933,0.7471886558163344,0.024401143161510947
uniform_platykurtic,74,2500,3,2,0.25,0.0073726422104236295,0.0016289184769245912,0.007372642210423598,0.0002994212702961963,0.000299989240132453,0.9999999999999958,4.526096495843792,0.22094093683558721,0.026191733701537177
uniform_platykurtic,75,2500,3,2,0.25,0.0038846583907761905,0.0020901735093268067,0.0038846583907762083,0.00022142752855843815,0.00024315706732510375,1.0000000000000047,1.8585339319640315,0.5380585109593564,0.02046505639479945
uniform_platykurtic,76,2500,3,2,0.25,0.009414719298173302,0.0051722689283515,0.00941471929817336,0.00031481836909237946,0.00035524845910177636,1.000000000000006,1.8202300438337822,0.5493811089359885,0.030640395852675337
uniform_platykurtic,77,2500,3,2,0.25,0.0030548789906505525,0.004390258788811669,0.003054878990650518,0.00026484208187353583,0.00029206615194237205,0.9999999999999887,0.6958311884565228,1.4371301783959503,0.0173133553354005
uniform_platykurtic,78,2500,3,2,0.25,0.005475228403702151,0.0018148479765653781,0.005475228403702083,0.00027169539533127446,0.00029063612109589014,0.9999999999999875,3.0169074624443306,0.33146525455234777,0.022767295394790204
uniform_platykurtic,79,2500,3,2,0.25,0.004751871737472064,0.003914159343382415,0.004751871737472096,0.00035467328648666725,0.00040164199755610906,1.0000000000000067,1.2140210248481538,0.8237089634630371,0.02188335512142736
uniform_platykurtic,80,2500,3,2,0.25,0.003166988299904926,0.002666417005506661,0.003166988299904929,0.00021351069284670038,0.00025549017177929357,1.0000000000000009,1.1877318114025273,0.8419409082081888,0.0176768669349608
uniform_platykurtic,81,2500,3,2,0.25,0.006224992710941527,0.006019330508499543,0.006224992710941542,8.621056131995116e-05,8.558893349792624e-05,1.0000000000000024,1.0341669563004716,0.9669618565045872,0.02404787038793972
uniform_platykurtic,82,2500,3,2,0.25,0.005221875558532152,0.0022142747835243847,0.005221875558532129,0.00022285650074633804,0.00028837465153859406,0.9999999999999957,2.3582780228480273,0.42403821360821714,0.021985567892337333
uniform_platykurtic,83,2500,3,2,0.25,0.006627321241164678,0.0034144454993350042,0.006627321241164651,0.00014701437120561683,0.00018510004394712358,0.9999999999999959,1.9409655952790534,0.5152074835495606,0.026345711432218522
uniform_platykurtic,84,2500,3,2,0.25,0.0071210118267053335,0.0038933302110554457,0.007121011826705382,0.00015255716743519147,0.00015210668050196917,1.0000000000000069,1.8290284770823335,0.5467383436233901,0.025564969306932504
uniform_platykurtic,85,2500,3,2,0.25,0.007885059378887609,0.0047534178157010625,0.007885059378887628,0.00023055527586499073,0.00020574039513890775,1.0000000000000024,1.658818914012231,0.6028385567302671,0.028992292390456257
uniform_platykurtic,86,2500,3,2,0.25,0.002202082216818886,0.0016498683177384608,0.0022020822168188894,0.00047570850199027897,0.00042704817902175236,1.0000000000000016,1.3347018020428258,0.7492310255889765,0.014963782559216932
uniform_platykurtic,87,2500,3,2,0.25,0.004093413718877061,0.0032898517774517877,0.0040934137188770705,0.00013209239255075467,0.0001495191979381332,1.0000000000000022,1.2442547554673407,0.8036939345467106,0.02035343964771511
uniform_platykurtic,88,2500,3,2,0.25,0.008793456333087181,0.0044084860596206935,0.00879345633308724,0.0003054485755151506,0.00032712379127960105,1.0000000000000067,1.9946657909685734,0.5013371184926297,0.028664905991717504
uniform_platykurtic,89,2500,3,2,0.25,0.010385353719382128,0.003554762682147446,0.010385353719382148,0.0002884838304506824,0.00034420127435958115,1.0000000000000018,2.9215322225415945,0.3422861443335543,0.034020052482004695
uniform_platykurtic,90,2500,3,2,0.25,0.005301537387691098,0.002464019662593532,0.005301537387691104,0.0004139444920281012,0.0003538429265291907,1.000000000000001,2.1515807962794056,0.46477455168276216,0.024501637940074546
uniform_platykurtic,91,2500,3,2,0.25,0.006764524848188317,0.006314102694299866,0.006764524848188414,0.00020372679013414238,0.00021915749173270373,1.0000000000000142,1.071335892952006,0.9334140735680668,0.0250659040192249
uniform_platykurtic,92,2500,3,2,0.25,0.004700217632547393,0.0027777607043148692,0.004700217632547255,0.00026858807807875467,0.00033775129755914867,0.9999999999999705,1.6920887480502236,0.5909855503455478,0.02094587495761716
uniform_platykurtic,93,2500,3,2,0.25,0.008023000959277693,0.0112968231031067,0.008023000959277457,6.046458959751756e-05,6.161313939373675e-05,0.9999999999999706,0.710199751385952,1.408054562182646,0.027249049338063186
uniform_platykurtic,94,2500,3,2,0.25,0.01275788839513929,0.010531338393649984,0.012757888395139347,0.00030728666497192126,0.00033839573804005514,1.0000000000000044,1.2114213709847073,0.8254766045502002,0.034392882080906836
uniform_platykurtic,95,2500,3,2,0.25,0.007335602098928765,0.00667716036635081,0.007335602098928751,0.0004987826321361725,0.0005698395964897897,0.9999999999999981,1.0986110406897103,0.9102402606223545,0.027252023529541095
uniform_platykurtic,96,2500,3,2,0.25,0.004519623312284428,0.002739760767201917,0.0045196233122843784,0.0004750832359984193,0.0004916370426482629,0.999999999999989,1.649641591481074,0.6061922815016888,0.021853984984123883
uniform_platykurtic,97,2500,3,2,0.25,0.01190459003473037,0.012466892390655966,0.01190459003473038,0.00036604398697977057,0.00039872769878566115,1.0000000000000009,0.9548963496029663,1.0472340798200643,0.03332932896944713
uniform_platykurtic,98,2500,3,2,0.25,0.009081347086416508,0.006656015529973894,0.009081347086416405,0.00033916899866135965,0.0003353353565758224,0.9999999999999887,1.3643818956732547,0.7329326218496459,0.029926524490737655
uniform_platykurtic,99,2500,3,2,0.25,0.004950294415818821,0.004703529364081861,0.004950294415818839,0.0004445848887985057,0.0004633220228163147,1.0000000000000036,1.052463805928667,0.9501514392864362,0.0222047560431504
uniform_platykurtic,100,2500,3,2,0.25,0.006202383130163209,0.006753051255808629,0.006202383130163007,0.00039144307301331073,0.0004526680609822619,0.9999999999999675,0.9184563977399156,1.0887833134601812,0.024417176221458302
uniform_platykurtic,101,2500,3,2,0.25,0.0063737944136330865,0.0033440996255402512,0.0063737944136333,0.00033882866091465797,0.000394941125792071,1.0000000000000335,1.905982215647535,0.5246638671601116,0.024842648171041346
uniform_platykurtic,102,2500,3,2,0.25,0.003080381395343918,0.001760683984086615,0.0030803813953439187,0.00036443537903578163,0.00038243024530360795,1.0000000000000002,1.749536784104911,0.5715798656451886,0.01782871248838571
uniform_platykurtic,103,2500,3,2,0.25,0.01336850362343098,0.01202803006921067,0.013368503623430875,0.0001683827343830025,0.00016202313569796878,0.9999999999999921,1.111445810037634,0.8997289755099545,0.034687493316685546
uniform_platykurtic,104,2500,3,2,0.25,0.019421146881059673,0.006914299918929397,0.019421146881059795,0.0002982825672520649,0.00036388389542235894,1.0000000000000062,2.808837786728081,0.3560191352897143,0.042278608662128424
uniform_platykurtic,105,2500,3,2,0.25,0.004374682562063654,0.0045291689348732666,0.004374682562063618,0.00024376022631962042,0.0002913387000934411,0.9999999999999919,0.9658907903345912,1.0353137331950177,0.021149713364463592
uniform_platykurtic,106,2500,3,2,0.25,0.006082423731748634,0.004534058799581996,0.0060824237317487345,0.0002020884086720959,0.0002444367073383044,1.0000000000000164,1.3414964385352668,0.7454361944425896,0.024879882728171526
uniform_platykurtic,107,2500,3,2,0.25,0.013911278997079154,0.009755318628466342,0.013911278997079212,0.0003902008356053579,0.00037449601352005106,1.0000000000000042,1.4260199514637728,0.7012524607201532,0.04004097700688116
uniform_platykurtic,108,2500,3,2,0.25,0.010863117557381076,0.012614033675524387,0.010863117557381088,0.00010415119579199526,0.00011197625081677508,1.000000000000001,0.8611930043011788,1.161179892318631,0.03393056323794104
uniform_platykurtic,109,2500,3,2,0.25,0.005437491128572549,0.005009825959175078,0.005437491128572506,0.00021983178510133136,0.00029145061963406764,0.999999999999992,1.0853652747385756,0.9213488060421458,0.023814579911229053
uniform_platykurtic,110,2500,3,2,0.25,0.013438651497577411,0.004340352564484383,0.013438651497577732,0.0003254065657460771,0.00032626067133398453,1.000000000000024,3.096211954655852,0.32297530487094034,0.0346906559202112
uniform_platykurtic,111,2500,3,2,0.25,0.005070423385436111,0.006286354829612833,0.005070423385436219,0.00020464285816965082,0.0002275841426534848,1.0000000000000213,0.8065760719632331,1.2398086612785175,0.021813778315349728
uniform_platykurtic,112,2500,3,2,0.25,0.005138053394989654,0.0028708294893224906,0.005138053394989664,8.793731470148604e-05,9.720721664578915e-05,1.000000000000002,1.7897452335987512,0.5587387418203876,0.022569060482560774
uniform_platykurtic,113,2500,3,2,0.25,0.009210779939072345,0.004098522853760804,0.00921077993907224,0.00023045170737238273,0.00023681258863907743,0.9999999999999887,2.247341363637983,0.44497022845750267,0.028697618089366484
uniform_platykurtic,114,2500,3,2,0.25,0.00819988551958333,0.00804235893207167,0.008199885519583344,0.0002106105968820641,0.0002015418885947201,1.0000000000000018,1.0195871122940663,0.9807891723444859,0.028938758901200276
uniform_platykurtic,115,2500,3,2,0.25,0.01054706958374739,0.007803064118706447,0.010547069583747364,0.00014975080689587705,0.0001829267336631736,0.9999999999999976,1.3516574288378147,0.7398324299225877,0.032826983499994494
uniform_platykurtic,116,2500,3,2,0.25,0.01295907059780313,0.011532455832548997,0.012959070597803095,0.00012478630161652532,0.00014647033690862567,0.9999999999999973,1.1237043337489008,0.8899138055860288,0.03721724728968817
uniform_platykurtic,117,2500,3,2,0.25,0.0124449028441607,0.007067136440225152,0.012444902844160456,0.00013748261235534492,0.00012912458813398205,0.9999999999999803,1.7609540935598482,0.567873974487566,0.03385284595744634
uniform_platykurtic,118,2500,3,2,0.25,0.0026903239544664734,0.0031741614536129775,0.0026903239544664712,0.00029882677120892113,0.0002914128996078284,0.9999999999999992,0.8475699783337171,1.179843582905039,0.016114230755516698
uniform_platykurtic,119,2500,3,2,0.25,0.013345985134966848,0.010759119988811239,0.013345985134966923,0.00024392510430764063,0.0002827721819930625,1.0000000000000056,1.2404346404581277,0.8061690373550656,0.03610605521762284
uniform_platykurtic,120,2500,3,2,0.25,0.008297796210037258,0.004972284994765537,0.00829779621003739,0.0003208983310640892,0.0002915085830316843,1.000000000000016,1.668809454561175,0.5992295868571603,0.028752915196956066
uniform_platykurtic,121,2500,3,2,0.25,0.002262322238589799,0.0016940693009453638,0.0022623222385897614,9.189801938422558e-05,7.534391951515121e-05,0.9999999999999833,1.335436653817697,0.7488187456448948,0.015097182855482312
uniform_platykurtic,122,2500,3,2,0.25,0.0036292682334343527,0.007750867905769096,0.003629268233434333,0.0002225668706922908,0.0002045022592485177,0.9999999999999944,0.46824023806843745,2.135655842234207,0.019115358109652168
uniform_platykurtic,123,2500,3,2,0.25,0.0053037065713660405,0.004220390881588619,0.005303706571366053,0.00043425116495931306,0.0003613634938254894,1.0000000000000022,1.2566861032951662,0.7957436605512663,0.0228520312317432
uniform_platykurtic,124,2500,3,2,0.25,0.004342754508330322,0.002821283233947854,0.004342754508330331,0.0001961401435740784,0.00022397979113855088,1.000000000000002,1.5392834211308393,0.6496529399799219,0.021143331811114222
uniform_platykurtic,125,2500,3,2,0.25,0.016653997447931494,0.010795997714480135,0.01665399744793154,0.00022120585873795808,0.00021184282183502466,1.0000000000000027,1.5426084636526332,0.6482526341338577,0.039124643527306685
uniform_platykurtic,126,2500,3,2,0.25,0.004681586020664709,0.0007024216228601385,0.004681586020664738,0.00032359527168447346,0.00045676635930381196,1.0000000000000062,6.664922986855295,0.15003924305985647,0.022290562996141725
uniform_platykurtic,127,2500,3,2,0.25,0.004068121078897701,0.002603605692548021,0.004068121078897784,0.0002819333164503189,0.00032493805407464595,1.0000000000000204,1.5624950777076057,0.6400020161773293,0.01929439516128794
uniform_platykurtic,128,2500,3,2,0.25,0.01006961441712361,0.004210842471958805,0.010069614417123687,0.0001648641013406232,0.00015817799086657755,1.0000000000000078,2.391353864263531,0.4181731591229721,0.03083204742730213
uniform_platykurtic,129,2500,3,2,0.25,0.002776766159604853,0.002544128439187872,0.002776766159604817,0.00013038726806181296,0.0001506538176718508,0.999999999999987,1.0914410282254488,0.9162199094035032,0.016376181649298088
uniform_platykurtic,130,2500,3,2,0.25,0.007438701516759682,0.0055635996056284075,0.007438701516759665,0.00022565205218301592,0.00022983533594968266,0.9999999999999978,1.33703034798448,0.747926179467398,0.026259186470828998
uniform_platykurtic,131,2500,3,2,0.25,0.0008346989645041899,0.0013739850815001192,0.0008346989645041538,0.00026817420372633147,0.00034953011964858886,0.9999999999999567,0.6075022034393766,1.6460845645307163,0.00922044716905066
uniform_platykurtic,132,2500,3,2,0.25,0.0069030618019226,0.0036838807115572567,0.006903061801922551,0.0001577057821893242,0.00020413672257584472,0.999999999999993,1.8738559531164831,0.5336589497911266,0.025485091511775013
uniform_platykurtic,133,2500,3,2,0.25,0.012919789380204138,0.00861178849942143,0.012919789380204258,0.00017979155285080444,0.00016730677295632976,1.0000000000000093,1.5002446217846914,0.666557963600902,0.034309936728365374
uniform_platykurtic,134,2500,3,2,0.25,0.00412695791183884,0.0039958532756152595,0.004126957911838799,0.00020726708988704404,0.0002157932943858183,0.9999999999999899,1.0328101727417287,0.9682321363521819,0.02009504131904363
uniform_platykurtic,135,2500,3,2,0.25,0.006776918031873438,0.0060925972793270606,0.006776918031873327,0.0003215759650098594,0.0002604408822268242,0.9999999999999836,1.1123200371159032,0.8990218342131547,0.026169054451837547
uniform_platykurtic,136,2500,3,2,0.25,0.017710145234418502,0.011360361304754103,0.017710145234418353,0.00021079397418933185,0.00021371390413300344,0.9999999999999916,1.5589420758129393,0.6414606517554688,0.04076270619271283
uniform_platykurtic,137,2500,3,2,0.25,0.008324668668648845,0.004921930599718622,0.00832466866864878,0.000575149679992956,0.0006000140551046358,0.9999999999999923,1.6913421471494718,0.5912464262097157,0.030185331814771784
uniform_platykurtic,138,2500,3,2,0.25,0.010444892066273205,0.01282280139058411,0.010444892066273116,0.000261121665812427,0.0002879418586921293,0.9999999999999916,0.8145561759962131,1.2276624123277664,0.031873200771779214
uniform_platykurtic,139,2500,3,2,0.25,0.003904925833192187,0.002365103576107729,0.003904925833192154,0.00019258579833528956,0.00024288012336844537,0.9999999999999915,1.651059121739828,0.6056718301802704,0.019532015210647617
uniform_platykurtic,140,2500,3,2,0.25,0.0021497998579979643,0.0025677515833725144,0.002149799857998012,0.00017402033340778743,0.0001887641902700367,1.0000000000000222,0.8372304672769163,1.1944142492240066,0.014915891716530287
uniform_platykurtic,141,2500,3,2,0.25,0.00320921748276265,0.0029007334216326064,0.0032092174827627064,0.0003373932215902911,0.0003190419610976419,1.0000000000000175,1.1063469186204906,0.9038756136700073,0.018338697292132437
uniform_platykurtic,142,2500,3,2,0.25,0.013994630292692717,0.015742159852802834,0.013994630292692798,0.0002734750663620812,0.0002541672145396459,1.0000000000000058,0.8889904831071263,1.124871434511749,0.035813482432206625
uniform_platykurtic,143,2500,3,2,0.25,0.009320878927067127,0.0065545074137910225,0.00932087892706694,0.00021303119831364497,0.00021156515039687105,0.9999999999999799,1.4220563558224573,0.7032070113857213,0.02821953320999524
uniform_platykurtic,144,2500,3,2,0.25,0.01470737153886189,0.014715887757627402,0.014707371538861879,0.0002083308641362223,0.00014989251853911678,0.9999999999999993,0.9994212908588468,1.000579044239347,0.0369775051966743
uniform_platykurtic,145,2500,3,2,0.25,0.00340881935769476,0.0018457368170884069,0.003408819357694854,8.415200610538028e-05,9.339869575664841e-05,1.0000000000000275,1.8468610075580343,0.5414592629914541,0.018984181075122522
uniform_platykurtic,146,2500,3,2,0.25,0.011623861491506685,0.007613620529687282,0.01162386149150656,0.00026645208730787195,0.0002788021362528125,0.9999999999999892,1.5267193112898672,0.6549992474747223,0.03184181276660541
uniform_platykurtic,147,2500,3,2,0.25,0.01760199957730644,0.005447248595691476,0.017601999577306383,0.00025140842568535014,0.0002748894949112931,0.9999999999999969,3.2313560264587076,0.30946760177828875,0.04173882845955122
uniform_platykurtic,148,2500,3,2,0.25,0.0020590530576043505,0.0010907228044095356,0.002059053057604367,0.0001566644340513069,0.000158364058987423,1.000000000000008,1.8877876663805873,0.5297205918911874,0.014286111102031908
uniform_platykurtic,149,2500,3,2,0.25,0.003710196997017691,0.0021799954688562916,0.003710196997017767,0.00024211841474053552,0.00024587073576369707,1.0000000000000207,1.7019287654594426,0.5875686575695585,0.018774655750313493
symmetric_contaminated,0,2500,3,2,0.25,0.018832633695353,0.016112927675006283,0.018832633695352943,0.00023435024884246386,0.00022788996829725466,0.999999999999997,1.1687903077083477,0.8555854659341773,0.04878310719067515
symmetric_contaminated,1,2500,3,2,0.25,0.03444542911484084,0.01741170461643251,0.03444542911484077,0.00016434797887736894,0.00028782729909937764,0.999999999999998,1.9782916074932992,0.5054866513168409,0.06198024455577905
symmetric_contaminated,2,2500,3,2,0.25,0.029365323776636015,0.020990068891830537,0.029365323776635987,0.00020426989250780763,0.00020741911589150538,0.999999999999999,1.3990103571344232,0.7147909912892193,0.05071414127530958
symmetric_contaminated,3,2500,3,2,0.25,0.04147934700835696,0.02665180769227394,0.041479347008357,0.00013639372193968962,9.674767221895242e-05,1.000000000000001,1.5563427249394945,0.642531997596402,0.0738477349717514
symmetric_contaminated,4,2500,3,2,0.25,0.010074677761742302,0.006546612194402377,0.010074677761742284,0.00014625096929988946,0.00015336022154117398,0.9999999999999982,1.5389147031431842,0.6498085943019,0.034720254018477656
symmetric_contaminated,5,2500,3,2,0.25,0.03528597380979943,0.012864931990640337,0.03528597380979959,0.00012805886306256357,0.00011043170413917915,1.0000000000000044,2.742802980650912,0.3645905327704902,0.06141077651354996
symmetric_contaminated,6,2500,3,2,0.25,0.019972599973640797,0.008992706026778284,0.0199725999736408,0.0005247509692287117,0.00048413144558168223,1.0000000000000002,2.2209777473173067,0.4502521473742313,0.0485313442721933
symmetric_contaminated,7,2500,3,2,0.25,0.26814841873774675,0.1156480065790903,0.2681484187377467,3.322703265395331e-05,4.828360972216042e-05,0.9999999999999998,2.3186601020603255,0.4312835672254917,0.15127249421853547
symmetric_contaminated,8,2500,3,2,0.25,0.08834831726241163,0.08719909998099565,0.08834831726241173,0.0006539902084633162,0.0007617042093538595,1.000000000000001,1.013179233291015,0.9869921995457753,0.07332449054372178
symmetric_contaminated,9,2500,3,2,0.25,0.09089357024849767,0.018129389990012797,0.09089357024849795,0.0003048415378576951,0.00038505639286012924,1.000000000000003,5.013603342339143,0.1994573426970479,0.11664593954960245
symmetric_contaminated,10,2500,3,2,0.25,0.014381844499115408,0.017588081439063444,0.014381844499115485,0.0002287352976750084,0.000314612956780716,1.0000000000000053,0.8177039973884332,1.2229364209955993,0.03359620533889998
symmetric_contaminated,11,2500,3,2,0.25,0.15728306380077128,0.12405301747103284,0.1572830638007716,0.00044430766409870947,0.00046629627019486263,1.000000000000002,1.2678697141526458,0.7887245738560219,0.09325525199835437
symmetric_contaminated,12,2500,3,2,0.25,0.023001832954331593,0.019465864435411952,0.023001832954331614,0.00027795397062217573,0.0002994699427772895,1.0000000000000009,1.1816497043145482,0.8462744892574414,0.054134334825119576
symmetric_contaminated,13,2500,3,2,0.25,0.05958905876720038,0.019425448876586548,0.05958905876719951,0.00017833493773720632,0.00019188661411157341,0.9999999999999855,3.0675769268334427,0.325990194818766,0.06340612867359466
symmetric_contaminated,14,2500,3,2,0.25,0.021817176636133265,0.007936109679425015,0.021817176636133292,7.124282617944341e-05,0.00011075931304476969,1.0000000000000013,2.749102207180431,0.36375511881227357,0.04381411033688824
symmetric_contaminated,15,2500,3,2,0.25,0.05295952083463629,0.02653376488023657,0.052959520834636356,0.00026824671682076267,0.00020502232046509293,1.0000000000000013,1.9959293780462632,0.5010197309580472,0.08693322506078917
symmetric_contaminated,16,2500,3,2,0.25,0.0342097907291389,0.03217466182278328,0.0342097907291389,0.00021877789541995115,0.00017744590953531125,1.0,1.0632525344808603,0.9405103374507884,0.062043602684029704
symmetric_contaminated,17,2500,3,2,0.25,0.029808310775253304,0.027559998955035577,0.029808310775253224,0.00031075506547157577,0.00032393072948092255,0.9999999999999973,1.081578806439209,0.9245743297173262,0.06233797847802949
symmetric_contaminated,18,2500,3,2,0.25,0.0558630472759178,0.041570222477046975,0.0558630472759178,0.0003081789731024399,0.00027057969929911244,1.0,1.343823630166103,0.7441452714121385,0.07233798175469036
symmetric_contaminated,19,2500,3,2,0.25,0.2401364660207535,0.05040800819380693,0.24013646602075503,0.0002787096703567153,0.00031830109443151984,1.0000000000000064,4.7638554790240235,0.20991400860146947,0.13723922880895173
symmetric_contaminated,20,2500,3,2,0.25,0.028749392498102277,0.007592930854377262,0.028749392498102468,0.0004025105215820614,0.00041560231030265027,1.0000000000000067,3.786336666233261,0.264107523485182,0.0694876521129113
symmetric_contaminated,21,2500,3,2,0.25,0.018454649539319894,0.019774775654817268,0.018454649539319905,0.00017361087812985465,0.00015537268089112544,1.0000000000000007,0.9332419169480807,1.0715335239872577,0.04097554475114965
symmetric_contaminated,22,2500,3,2,0.25,0.14088884685947473,0.06430378793305319,0.14088884685947448,0.0001799761664031053,0.0002827905884728808,0.9999999999999982,2.1909882977057924,0.45641503473437495,0.11268519153085096
symmetric_contaminated,23,2500,3,2,0.25,0.030696843797198503,0.03024353298308992,0.03069684379719848,0.00020203673217964574,0.00023199270544215625,0.9999999999999992,1.0149886858245702,0.9852326572365738,0.05362343022919873
symmetric_contaminated,24,2500,3,2,0.25,0.07025489956068802,0.05033591777639028,0.07025489956068816,0.00037947144896549975,0.00039498773515708816,1.000000000000002,1.3957210410424015,0.7164755496221128,0.10178935520354102
symmetric_contaminated,25,2500,3,2,0.25,0.033728100121693236,0.02765901257692092,0.03372810012169333,8.839750793562828e-05,0.00010920606632758672,1.0000000000000029,1.2194253149093452,0.8200584224170753,0.04897115112372334
symmetric_contaminated,26,2500,3,2,0.25,0.028349424556813527,0.025570436146828076,0.028349424556813236,0.0002579726116162173,0.00023496544243775295,0.9999999999999897,1.1086797422628196,0.9019737277412374,0.05894496575358944
symmetric_contaminated,27,2500,3,2,0.25,0.039495384023761,0.03619575711925129,0.03949538402376102,0.00037517450753448323,0.00043029140706185657,1.0000000000000004,1.0911605991177007,0.9164553786203318,0.055996086612610206
symmetric_contaminated,28,2500,3,2,0.25,0.04212405720177255,0.02827583676837909,0.04212405720177262,0.00014031396630033305,0.00016387093620838552,1.0000000000000016,1.4897545754996016,0.6712515044061156,0.05998464616110749
symmetric_contaminated,29,2500,3,2,0.25,0.7012737923907915,0.5363347387999072,0.7012737923907884,0.00026047235710144253,0.0002596881268851293,0.9999999999999956,1.3075300584853886,0.7648007734203613,0.162282499836585
symmetric_contaminated,30,2500,3,2,0.25,0.05522193702218664,0.01868819767190477,0.05522193702218666,0.0002738666558083394,0.0002765137193816202,1.0000000000000004,2.9549097238630733,0.33841981429221457,0.08668218219386253
symmetric_contaminated,31,2500,3,2,0.25,0.03883840650487266,0.0420275510708086,0.03883840650487266,0.0002305115605948877,0.00025242244668243234,1.0,0.9241177635936288,1.0821131671696116,0.058078458137759664
symmetric_contaminated,32,2500,3,2,0.25,0.04017933303974546,0.035004805886668156,0.040179333039745406,8.322245910376788e-05,6.254929043740947e-05,0.9999999999999987,1.1478233351680436,0.8712142098536415,0.054759984371384594
symmetric_contaminated,33,2500,3,2,0.25,0.04857386211299262,0.004522584255118963,0.048573862112992375,0.00021043454908586777,0.00021262332820865885,0.999999999999995,10.74028904116341,0.09310736388633291,0.06929173146868405
symmetric_contaminated,34,2500,3,2,0.25,0.09100417494367359,0.028985857932678518,0.09100417494367398,0.00023099781717881023,0.0002119833984038896,1.0000000000000042,3.1396060504759564,0.3185112985268985,0.08153739402019428
symmetric_contaminated,35,2500,3,2,0.25,0.028307479615510774,0.016347943289790928,0.02830747961551081,0.00012761987999510515,0.0001380329404874698,1.0000000000000013,1.731562136821728,0.577513205408554,0.0609789804354834
symmetric_contaminated,36,2500,3,2,0.25,0.010291275751817958,0.006608444973007448,0.010291275751818157,0.00018107516476130594,0.00017056681144542198,1.0000000000000193,1.5572915858198761,0.6421405015641587,0.02908635429261418
symmetric_contaminated,37,2500,3,2,0.25,0.02779945353413303,0.007430429881859949,0.02779945353413299,0.00026839393957675507,0.00030244275719733444,0.9999999999999986,3.74129814507776,0.26728690449748005,0.06206545586601126
symmetric_contaminated,38,2500,3,2,0.25,0.021371744353088595,0.031562722026317165,0.021371744353088605,0.00028933676305958856,0.0002983557828103802,1.0000000000000004,0.6771198103658085,1.4768435137937532,0.05391197349152024
symmetric_contaminated,39,2500,3,2,0.25,0.15567017058913243,0.07226090921996244,0.15567017058913196,0.00022261407379316363,0.00020348889863790447,0.999999999999997,2.1542791568712687,0.4641923943841755,0.10689582822696383
symmetric_contaminated,40,2500,3,2,0.25,0.030008842992703497,0.02518155998563116,0.03000884299270347,0.0004025430700132503,0.0003593920790748432,0.9999999999999991,1.1916991246700683,0.8391379831522973,0.06320876417257924
symmetric_contaminated,41,2500,3,2,0.25,0.05556669126526326,0.05010655230204614,0.05556669126526356,0.0005004912261891969,0.000523680585279985,1.0000000000000056,1.1089705579881708,0.9017371947314334,0.06385780303493295
symmetric_contaminated,42,2500,3,2,0.25,0.016019743727489908,0.012667373685478987,0.016019743727489873,0.0001680752406623914,0.00015631376085986206,0.9999999999999978,1.2646460209706938,0.7907351016946514,0.04150182019819323
symmetric_contaminated,43,2500,3,2,0.25,0.011170078379311953,0.014992519350893225,0.011170078379311998,0.00042652086488283647,0.00048576000897656495,1.000000000000004,0.7450434525299784,1.3422035944403752,0.03584856895358011
symmetric_contaminated,44,2500,3,2,0.25,0.007513988846339147,0.001987727320126112,0.007513988846339099,0.00034016438662461427,0.0003533754261551136,0.9999999999999936,3.780190959926219,0.26453690054311735,0.03256080860721871
symmetric_contaminated,45,2500,3,2,0.25,0.05250861707567497,0.05943555441653446,0.05250861707567493,0.0002630077929324575,0.0002782333145188083,0.9999999999999993,0.8834546525415684,1.1319200109741312,0.07373641846294476
symmetric_contaminated,46,2500,3,2,0.25,0.015157795369660875,0.009984644961766652,0.015157795369660968,0.0004721255101007968,0.0005183368096386119,1.0000000000000062,1.5181106015990975,0.6587135344069524,0.040422678760301485
symmetric_contaminated,47,2500,3,2,0.25,0.22322624680920758,0.2119632574076385,0.22322624680920636,0.00019633723206690813,0.00022344315622174396,0.9999999999999946,1.0531365178065148,0.949544511173923,0.09563812279456028
symmetric_contaminated,48,2500,3,2,0.25,0.019481888680113794,0.021212415382960554,0.019481888680113794,8.087504494029786e-05,6.031450055296212e-05,1.0,0.9184191582333028,1.0888274607899386,0.0406039623072352
symmetric_contaminated,49,2500,3,2,0.25,0.03708180602472105,0.038154903478335035,0.03708180602472114,0.000588237735278962,0.0006080077671745759,1.0000000000000024,0.9718752412983244,1.028938651286256,0.05846499138225577
symmetric_contaminated,50,2500,3,2,0.25,0.015233989572492355,0.010868903494393952,0.015233989572492383,0.00018025732560466597,0.00022233363560398046,1.0000000000000018,1.4016123687499746,0.7134640235030532,0.04141315950502499
symmetric_contaminated,51,2500,3,2,0.25,0.023529323496884004,0.010972487464036264,0.02352932349688409,0.00040394535188481643,0.00040149381504996377,1.0000000000000038,2.144392834715416,0.4663324666129629,0.04789631317850297
symmetric_contaminated,52,2500,3,2,0.25,0.012826265077319383,0.006501506792280228,0.012826265077319354,0.00018351188537876054,0.00015753447873524036,0.9999999999999977,1.9728142240117368,0.50689010035952,0.04418656709519359
symmetric_contaminated,53,2500,3,2,0.25,0.06561349160659852,0.056651227704702156,0.0656134916065984,0.00018413811215768573,0.00020262056504991819,0.9999999999999983,1.1582007004086934,0.8634082155598155,0.06716034069901199
symmetric_contaminated,54,2500,3,2,0.25,0.03178093867159534,0.02776601980449416,0.031780938671595274,0.00019980476867589958,0.00019470744353459237,0.999999999999998,1.1445982857957648,0.8736689652691232,0.06914080103583142
symmetric_contaminated,55,2500,3,2,0.25,0.008175233392144382,0.008172875771421385,0.008175233392144403,0.00048775195544152486,0.00047796321822119484,1.0000000000000024,1.000288468929292,0.9997116142610359,0.03130797477111155
symmetric_contaminated,56,2500,3,2,0.25,0.016963343202547075,0.005679138553307743,0.016963343202546634,0.00011389914055968638,0.00010550671698774725,0.999999999999974,2.986957096277665,0.3347888730126624,0.03464848679848102
symmetric_contaminated,57,2500,3,2,0.25,0.024622173717260703,0.023489560160851367,0.02462217371726072,0.00013598623501531217,8.780882079294229e-05,1.0000000000000007,1.0482177422077494,0.9540002613329241,0.05647896167679374
symmetric_contaminated,58,2500,3,2,0.25,0.021323107719759975,0.012016209456453836,0.021323107719759985,0.0003312317077021777,0.00031020323569081506,1.0000000000000004,1.7745286312654502,0.5635299326147708,0.05539155512907305
symmetric_contaminated,59,2500,3,2,0.25,0.05024384867960071,0.03352300641210429,0.050243848679600835,0.0003330542628341669,0.00029207564874629023,1.0000000000000024,1.4987870736277127,0.667206181315382,0.06219495032671561
symmetric_contaminated,60,2500,3,2,0.25,0.01061328924151958,0.009300697135267723,0.010613289241519505,0.000322352675670372,0.00033052294626074557,0.999999999999993,1.1411283570641717,0.8763256068517431,0.03473944324315805
symmetric_contaminated,61,2500,3,2,0.25,0.020716878013265258,0.006788513296131451,0.020716878013264863,0.00022611871313442213,0.0002540294399272234,0.9999999999999809,3.05175479660189,0.3276803238299075,0.045921102500110944
symmetric_contaminated,62,2500,3,2,0.25,0.08074054118451945,0.028161337007194434,0.08074054118451963,0.00032894182978400184,0.000398203672341147,1.0000000000000022,2.8670705927027784,0.3487880635186263,0.08442830715276464
symmetric_contaminated,63,2500,3,2,0.25,0.05279587101722587,0.05249511705382826,0.052795871017226104,0.00048788178351351846,0.0005010386647230175,1.0000000000000044,1.0057291797842731,0.9943034567362383,0.07882579686891485
symmetric_contaminated,64,2500,3,2,0.25,0.012487296179314756,0.01295710226471006,0.012487296179314775,0.00014770789765334804,0.00015213022837596259,1.0000000000000016,0.9637414233678739,1.037622723017777,0.044777384158265626
symmetric_contaminated,65,2500,3,2,0.25,0.10728365420699576,0.12432356742831742,0.10728365420699566,6.430577665729248e-05,6.911356333132446e-05,0.9999999999999991,0.8629389939992943,1.158830470002862,0.09016181528158197
symmetric_contaminated,66,2500,3,2,0.25,0.008084889635585115,0.00564925110484016,0.00808488963558512,0.0002489781956162674,0.0002439128040620962,1.0000000000000007,1.4311436127627883,0.6987418950006874,0.031860365338453434
symmetric_contaminated,67,2500,3,2,0.25,0.2221741626673434,0.027268317540114072,0.22217416266734397,0.00028813135485024176,0.0002337374461324886,1.0000000000000024,8.147703368222349,0.12273397236087409,0.12029082050599012
symmetric_contaminated,68,2500,3,2,0.25,0.09617828347717791,0.08998069333296221,0.09617828347717866,0.00017987981344399505,0.00021650934458289554,1.0000000000000078,1.0688768880817916,0.9355614394419264,0.0703696387887128
symmetric_contaminated,69,2500,3,2,0.25,0.06285668897654656,0.01394343717018992,0.06285668897654634,0.00017313833964394365,0.00018949876350821316,0.9999999999999964,4.507976635124765,0.22182901131481128,0.07267521173989236
symmetric_contaminated,70,2500,3,2,0.25,0.04273663117568884,0.0317312979902901,0.04273663117568892,0.00046347672999206885,0.0005205565870474555,1.0000000000000018,1.3468289632767778,0.7424847751766818,0.07227242842725252
symmetric_contaminated,71,2500,3,2,0.25,0.033286093910987795,0.022416277660604757,0.033286093910987816,0.00015606381797843318,0.0001661922374346079,1.0000000000000007,1.4849072809927806,0.6734427211720719,0.051876151386137125
symmetric_contaminated,72,2500,3,2,0.25,0.060581890578452924,0.047351520181323284,0.06058189057845357,0.00022236827637945906,0.0002200582835654631,1.0000000000000107,1.2794075110253524,0.7816117940394012,0.06343222014529024
symmetric_contaminated,73,2500,3,2,0.25,0.027277911230403552,0.01284840424027423,0.027277911230403303,0.00018298702129137702,0.00012312024830560196,0.9999999999999909,2.123058297379745,0.47101862498744373,0.05337024976276257
symmetric_contaminated,74,2500,3,2,0.25,0.018898143542335034,0.010261791000817904,0.018898143542335037,0.00026594403971571694,0.0002669720944580219,1.0000000000000002,1.841602848940188,0.5430052416434322,0.042514539242963306
symmetric_contaminated,75,2500,3,2,0.25,0.003429645332819694,0.004060007302148925,0.003429645332819685,0.00022252528861174735,0.0002696815202453368,0.9999999999999973,0.8447387104462607,1.1837980047957253,0.018016424223087756
symmetric_contaminated,76,2500,3,2,0.25,0.05406494437007372,0.05709007393402352,0.05406494437007381,0.00025543801503021587,0.0002485264531002535,1.0000000000000018,0.9470112866302166,1.0559536239091054,0.08150490121603321
symmetric_contaminated,77,2500,3,2,0.25,0.04246005214227187,0.04455851129660805,0.04246005214227191,0.0002728265123574131,0.00024258714871453607,1.0000000000000009,0.9529055371628655,1.0494219636684576,0.06398553825900626
symmetric_contaminated,78,2500,3,2,0.25,0.04243230800831155,0.04465125422629562,0.042432308008311596,0.00017725227622856132,0.0002447226674832547,1.000000000000001,0.9503049520907464,1.0522937903248024,0.060468822659252255
symmetric_contaminated,79,2500,3,2,0.25,0.08909302632771564,0.04262495446266982,0.08909302632771501,0.00018547883821618628,0.00022284366530108535,0.999999999999993,2.090161208400612,0.4784319965277661,0.07601585914286126
symmetric_contaminated,80,2500,3,2,0.25,0.019441850282208236,0.01121688608069712,0.019441850282208312,0.00019650036725940882,0.00019463014723720154,1.000000000000004,1.733266268582806,0.5769453996342105,0.040000856073847235
symmetric_contaminated,81,2500,3,2,0.25,0.027890400185760455,0.010182232361900486,0.02789040018576025,0.00024985715798088226,0.00021040896462735684,0.9999999999999927,2.7391243093331434,0.3650801814991189,0.05372279327142953
symmetric_contaminated,82,2500,3,2,0.25,0.07528257717465146,0.02700322798058027,0.07528257717464994,0.00015935222417235866,0.00015221524856930108,0.9999999999999797,2.787910290902643,0.3586915989596671,0.08461375878277787
symmetric_contaminated,83,2500,3,2,0.25,0.014549675961041703,0.008813621667745339,0.014549675961041666,0.00019736711354145586,0.00020758223768476035,0.9999999999999974,1.6508169410411848,0.6057606843853254,0.033414790150524905
symmetric_contaminated,84,2500,3,2,0.25,0.03490674081244793,0.015397127707879623,0.034906740812447844,0.0002582312008379576,0.00031692165378009593,0.9999999999999977,2.2670943227017593,0.44109324873976563,0.06790804431436688
symmetric_contaminated,85,2500,3,2,0.25,0.07383500986070514,0.02721263820185943,0.07383500986070472,0.00021552741219349038,0.0001925603758741201,0.9999999999999943,2.7132617320308032,0.3685600943671296,0.08220303142259178
symmetric_contaminated,86,2500,3,2,0.25,0.020233248810540994,0.020280794946511038,0.02023324881054095,0.0002731281104005574,0.0003080437042112706,0.9999999999999978,0.9976556078745686,1.0023499012153338,0.05604218337115655
symmetric_contaminated,87,2500,3,2,0.25,0.044954991404467376,0.030842621749652913,0.04495499140446732,0.00020408652785646229,0.00027618654747540923,0.9999999999999988,1.4575606370095051,0.6860778032890014,0.06785676408751644
symmetric_contaminated,88,2500,3,2,0.25,0.042133202043238956,0.02428379491996832,0.04213320204323926,9.792468487220247e-05,7.338227906784102e-05,1.0000000000000073,1.7350336791303385,0.5763576880543572,0.06588961748765726
symmetric_contaminated,89,2500,3,2,0.25,0.009560588858443025,0.014947105741134685,0.009560588858442924,0.0003087654645057582,0.0003260165987546719,0.9999999999999895,0.6396281008524629,1.563408484816789,0.032005893670864524
symmetric_contaminated,90,2500,3,2,0.25,0.010046853166130137,0.008684059085818485,0.010046853166130248,0.00012126291059627272,0.00014331779305608284,1.000000000000011,1.156930539836754,0.8643561264629713,0.03202127349477694
symmetric_contaminated,91,2500,3,2,0.25,0.05348389606041343,0.01658360467741177,0.05348389606041328,0.0005588862793212664,0.0005998161005738607,0.9999999999999972,3.2251067907608006,0.3100672519944984,0.08753457034720465
symmetric_contaminated,92,2500,3,2,0.25,0.06369202704461119,0.040787073060812626,0.0636920270446116,0.00035648695031318105,0.00034433734408312333,1.0000000000000064,1.5615738582086585,0.6403795726621251,0.07129422235040135
symmetric_contaminated,93,2500,3,2,0.25,0.06444936178950984,0.0361448572846155,0.06444936178951045,0.0003221982643770881,0.0003916397137270541,1.0000000000000095,1.7830852472875118,0.560825682070581,0.0669127218623258
symmetric_contaminated,94,2500,3,2,0.25,0.00417793554099821,0.00409609073776293,0.00417793554099825,0.00013690075775889737,0.00017433524404893695,1.0000000000000098,1.0199811987758893,0.9804102283455228,0.018244092241040153
symmetric_contaminated,95,2500,3,2,0.25,0.03725459372270758,0.02514263619500556,0.037254593722707424,0.0002974254143783015,0.00032804198465221756,0.9999999999999959,1.4817298167845994,0.6748868711908812,0.06457103917255119
symmetric_contaminated,96,2500,3,2,0.25,0.042301596927601666,0.051785849253959154,0.0423015969276017,0.00017607368262281573,0.00018707698790645873,1.0000000000000009,0.8168562944705912,1.2242055386842627,0.05468490667037454
symmetric_contaminated,97,2500,3,2,0.25,0.038309468952079956,0.028277580354344134,0.03830946895207971,0.00015816105659263393,0.00011011381865531489,0.9999999999999937,1.3547647454989702,0.738135534839066,0.05422237100547447
symmetric_contaminated,98,2500,3,2,0.25,0.05837124241640752,0.013339985409976805,0.05837124241640631,0.00048548661486942293,0.0005394631167693386,0.9999999999999792,4.375660139234576,0.22853694486768503,0.06647178908786676
symmetric_contaminated,99,2500,3,2,0.25,0.01910841365676763,0.020002626674844516,0.019108413656767652,0.00015405533826939484,0.0001612092679980287,1.000000000000001,0.9552952203421646,1.0467968212400605,0.048162147005191565
symmetric_contaminated,100,2500,3,2,0.25,0.02545877209465086,0.024002740058851484,0.025458772094650972,5.610243296106853e-05,8.03470869391119e-05,1.0000000000000044,1.060661075870067,0.9428082379469784,0.0533393818053866
symmetric_contaminated,101,2500,3,2,0.25,0.02202075967875545,0.016709869166833546,0.022020759678755396,0.0001461768513636157,0.00010507896076034891,0.9999999999999977,1.3178295687953758,0.7588234652483133,0.042309765124151306
symmetric_contaminated,102,2500,3,2,0.25,0.15693645680034798,0.05246582410531401,0.1569364568003479,0.00015043998769989262,0.00014426807065027276,0.9999999999999994,2.99121303203646,0.3343125311670581,0.10940132058838198
symmetric_contaminated,103,2500,3,2,0.25,0.03722441569490808,0.033501977743181054,0.03722441569490801,0.00019140592960627224,0.0002142720764208211,0.9999999999999981,1.1111109911260273,0.9000000971879266,0.05319638556248809
symmetric_contaminated,104,2500,3,2,0.25,0.036180838049935445,0.0214075676937606,0.03618083804993535,0.00013490676360414342,0.00011322626674452912,0.9999999999999973,1.690095697349145,0.5916824719265671,0.06570270927863178
symmetric_contaminated,105,2500,3,2,0.25,0.036694199469525145,0.014368702136854188,0.036694199469525464,0.0005169904302812115,0.00043808294273015914,1.0000000000000087,2.553758796029932,0.391579659580461,0.06296900494250454
symmetric_contaminated,106,2500,3,2,0.25,0.019356260168234028,0.00490507367753678,0.019356260168234322,7.396179761568961e-05,7.477855849315634e-05,1.0000000000000153,3.946171136404746,0.2534101957146971,0.04599630819037053
symmetric_contaminated,107,2500,3,2,0.25,0.07640442716857415,0.02252013104323628,0.07640442716857422,0.00033234446399328736,0.0003379426682642602,1.0000000000000009,3.392716810656464,0.29474903324056356,0.09692431325660172
symmetric_contaminated,108,2500,3,2,0.25,0.04980580107325113,0.05017436960528107,0.04980580107325075,0.00019898995829908128,0.000225312228756084,0.9999999999999923,0.9926542468808311,1.0074001125187781,0.058877160846225005
symmetric_contaminated,109,2500,3,2,0.25,0.01650600737554316,0.01370448425106322,0.016506007375543173,0.00021423377731176523,0.00025781968838370465,1.0000000000000009,1.2044238274973833,0.8302725146826884,0.036739151428025
symmetric_contaminated,110,2500,3,2,0.25,0.007771622808362475,0.00464671246110095,0.007771622808362323,0.00028341434820859445,0.0001755279080025293,0.9999999999999805,1.672499185912826,0.5979076153954567,0.029605159301599276
symmetric_contaminated,111,2500,3,2,0.25,0.10152760598350759,0.022992079952207572,0.1015276059835077,0.00020500363009780075,0.0002458100079505734,1.000000000000001,4.415764306428466,0.22646136220273397,0.13708538719967278
symmetric_contaminated,112,2500,3,2,0.25,0.009543109987093927,0.004273142730045088,0.009543109987093897,0.00018829990673721844,0.00016704691018861647,0.9999999999999969,2.233276674798364,0.44777255379263925,0.03162816176582041
symmetric_contaminated,113,2500,3,2,0.25,0.020358911724900484,0.018350777165633624,0.020358911724900442,0.00010765287535047081,9.381367555575266e-05,0.999999999999998,1.1094304912070725,0.901363364289715,0.04821073718710715
symmetric_contaminated,114,2500,3,2,0.25,0.02676201138427644,0.02012951800075445,0.026762011384276432,0.00015965097972136006,0.00020473460493511847,0.9999999999999998,1.329490918921824,0.7521676047332229,0.05597031807513241
symmetric_contaminated,115,2500,3,2,0.25,0.01583726402158386,0.01220605716638424,0.01583726402158385,0.00035821803551810706,0.00039659473125553996,0.9999999999999993,1.2974922045425148,0.7707175399582391,0.047744471765747074
symmetric_contaminated,116,2500,3,2,0.25,0.03402901886608791,0.031041009655656836,0.03402901886608792,0.00029134347068004144,0.00030785992677031886,1.0000000000000002,1.0962600522205164,0.9121923196731124,0.06718322679887366
symmetric_contaminated,117,2500,3,2,0.25,0.02160866349856775,0.024199016054114494,0.02160866349856778,0.00027765365592187686,0.0003796165408425809,1.0000000000000016,0.8929562859186466,1.1198756487516424,0.04457615560732787
symmetric_contaminated,118,2500,3,2,0.25,0.05467615165393786,0.0651087857928697,0.054676151653937716,0.00027792321259186877,0.00028022416828151826,0.9999999999999973,0.8397661081851338,1.1908077621293316,0.07005004015640663
symmetric_contaminated,119,2500,3,2,0.25,0.015995265948593206,0.022882702201900088,0.01599526594859314,0.00022477740356215728,0.0002684978323226834,0.9999999999999959,0.6990112359747861,1.4305921686730465,0.045668364836611325
symmetric_contaminated,120,2500,3,2,0.25,0.02998620556838811,0.03519661152641406,0.0299862055683881,0.0002555816342150623,0.00022908109341521684,0.9999999999999997,0.8519628528980496,1.1737600959929,0.05581792161889267
symmetric_contaminated,121,2500,3,2,0.25,0.08398400858612386,0.019264400050163496,0.08398400858612382,0.00014108673098732564,0.00016325175288430113,0.9999999999999996,4.359544463748356,0.22938176415344896,0.11031149629175245
symmetric_contaminated,122,2500,3,2,0.25,0.059901469899835066,0.015075680426063302,0.05990146989983512,0.0001694588232036813,0.00017847194518550493,1.0000000000000009,3.9733841662148537,0.2516746325469521,0.07844703342217461
symmetric_contaminated,123,2500,3,2,0.25,0.13434211923656858,0.1289270821851833,0.13434211923656866,0.00011305653199666991,9.991394833029562e-05,1.0000000000000007,1.0420007725266558,0.959692186767951,0.08868628756855639
symmetric_contaminated,124,2500,3,2,0.25,0.049751029069863985,0.027010255267642534,0.04975102906986386,0.0001613253316832038,0.00015414304075237929,0.9999999999999974,1.8419310953149,0.5429084739073997,0.06971995166310276
symmetric_contaminated,125,2500,3,2,0.25,0.08475056207643049,0.005699033759874492,0.08475056207643039,0.00020459464779094155,0.00021812577014112983,0.9999999999999989,14.871040539036361,0.0672447901258158,0.10940734869221302
symmetric_contaminated,126,2500,3,2,0.25,0.022682502156877553,0.020868850949370764,0.022682502156877542,0.00019895185599243197,0.00021259216604372193,0.9999999999999996,1.0869070947847976,0.9200418368765867,0.055291885066027224
symmetric_contaminated,127,2500,3,2,0.25,0.017999837203858258,0.019082957174589524,0.01799983720385829,0.0003286109347265828,0.0002418272815189984,1.0000000000000018,0.943241502833036,1.0601738759336723,0.03636384762002081
symmetric_contaminated,128,2500,3,2,0.25,0.008791262163744195,0.003038602026129293,0.008791262163744144,0.00011674259874176415,0.00013599091040604632,0.9999999999999942,2.893193017100317,0.3456388820550374,0.031460543604922904
symmetric_contaminated,129,2500,3,2,0.25,0.030518788280915043,0.03140472179181508,0.030518788280915057,0.0002392447209951878,0.0003364441592564982,1.0000000000000004,0.9717897991017732,1.0290291181532283,0.059400863189949145
symmetric_contaminated,130,2500,3,2,0.25,0.04801782209637545,0.017389436628045686,0.04801782209637545,0.0003318965315420256,0.00039435776140896595,1.0,2.7613213195723834,0.3621454674296505,0.07571337182125627
symmetric_contaminated,131,2500,3,2,0.25,0.086265601055404,0.05806666507962077,0.08626560105540446,0.00022127462543658792,0.00023427897304363854,1.0000000000000053,1.4856303687686803,0.6731149423317356,0.08003342665098795
symmetric_contaminated,132,2500,3,2,0.25,0.02846919650580946,0.026035894130283208,0.02846919650580946,0.0001760550777628505,0.00016854974876847156,1.0,1.0934595279635893,0.9145285896976506,0.06622312261648328
symmetric_contaminated,133,2500,3,2,0.25,0.015388024846768766,0.013868455059632776,0.015388024846768773,0.0002631563695630709,0.00020460110193906906,1.0000000000000004,1.1095702283060385,0.9012498483549645,0.055074112529314254
symmetric_contaminated,134,2500,3,2,0.25,0.003139206785798822,0.002151542064293248,0.003139206785798642,0.0002219925847113623,0.00021411044844233277,0.9999999999999427,1.4590496917985325,0.685377616417758,0.019176238911436397
symmetric_contaminated,135,2500,3,2,0.25,0.06691659266667556,0.06036222894077804,0.066916592666676,0.0001948308086478767,0.00019735138343291136,1.0000000000000067,1.1085838584974803,0.9020517413588874,0.07119168802813709
symmetric_contaminated,136,2500,3,2,0.25,0.025557670255901145,0.02554001915185214,0.02555767025590115,0.00019368935635533948,0.00020544052695404337,1.0000000000000002,1.0006911155369174,0.9993093617738913,0.050132664488118116
symmetric_contaminated,137,2500,3,2,0.25,0.07290995021604194,0.016092958880895004,0.07290995021604045,0.0004886275945030774,0.0005050298861402953,0.9999999999999797,4.530549711563396,0.22072376723903134,0.07952795260630245
symmetric_contaminated,138,2500,3,2,0.25,0.009860384162012414,0.011657006792474642,0.009860384162012294,0.0002479184540614743,0.00028034218242091046,0.9999999999999879,0.8458761616556503,1.1822061494707072,0.0315988401169665
symmetric_contaminated,139,2500,3,2,0.25,0.03669847146894067,0.016862867156763134,0.03669847146894057,0.0003208502304317454,0.00024478273388968007,0.9999999999999973,2.176288950614311,0.4594978069055227,0.061968755903881165
symmetric_contaminated,140,2500,3,2,0.25,0.04101592869727436,0.03686944779351196,0.04101592869727472,0.0002247794509685403,0.00019816844410464,1.0000000000000087,1.1124638732585637,0.8989055950831621,0.058627632462682815
symmetric_contaminated,141,2500,3,2,0.25,0.021818518326559656,0.0312724745911561,0.021818518326559625,0.00032814409738247534,0.0003812988141713833,0.9999999999999986,0.6976908163426867,1.4332996458832932,0.04729725738957011
symmetric_contaminated,142,2500,3,2,0.25,0.06583734563534852,0.010755502893057121,0.06583734563534815,0.0001707483382098215,0.00019799326825685476,0.9999999999999946,6.121270784822846,0.16336477100137553,0.08682896257161878
symmetric_contaminated,143,2500,3,2,0.25,0.009883965799776694,0.010546652424846469,0.009883965799776875,0.0003617768421691427,0.0003622856864890929,1.0000000000000182,0.9371661643548246,1.0670466327478336,0.02920508474084845
symmetric_contaminated,144,2500,3,2,0.25,0.13298735531958605,0.0302267326704271,0.13298735531958555,0.00012672591752269316,0.0001465061472032396,0.9999999999999962,4.399660286462131,0.22729027581448097,0.10288176270203378
symmetric_contaminated,145,2500,3,2,0.25,0.03514741887595213,0.004745492506799262,0.03514741887595212,0.00015458860133712112,0.00020578263620544423,0.9999999999999998,7.40648495927314,0.1350168137110668,0.06744091631436584
symmetric_contaminated,146,2500,3,2,0.25,0.006570016807885255,0.007793060542256691,0.006570016807885256,0.00022577311457012424,0.00017297333739075676,1.0000000000000002,0.8430598956931407,1.1861553433019463,0.026007768620288734
symmetric_contaminated,147,2500,3,2,0.25,0.010204933138866988,0.006010980898335761,0.010204933138866994,0.00012973252034909118,0.00012502045142019833,1.0000000000000004,1.6977151169607605,0.589026975144213,0.032236629192734255
symmetric_contaminated,148,2500,3,2,0.25,0.17388805733111098,0.18157790144727587,0.17388805733111165,0.0003013196290120297,0.0002935081739661518,1.0000000000000038,0.9576498899102153,1.0442229571955144,0.1007101642118169
symmetric_contaminated,149,2500,3,2,0.25,0.03521890973778317,0.012955326338805384,0.03521890973778301,0.00022123670878058818,0.00021492656915234027,0.9999999999999954,2.718488814310374,0.36785143081549715,0.061240431598011125
