regime,rep,n,noise_sd,vwk_mse,wiener_mse,huber_mse,mse_ratio,vwk_beta0,vwk_beta1,vwk_beta2,wiener_beta0,wiener_beta1,wiener_beta2,vwk_beta0_se,vwk_beta1_se,vwk_beta2_se,vwk_beta0_cover95,vwk_beta1_cover95,vwk_beta2_cover95
gaussian_control,0,2000,0.25,0.0004378530879350595,0.0004378530879350595,1.596354310014637e-05,1.0,0.17988268434023627,0.8038809524871781,0.6037953849753812,0.17988268434023627,0.8038809524871781,0.6037953849753812,0.022957535205333477,0.03177502403226953,0.04039262479460392,True,True,True
gaussian_control,1,2000,0.25,0.007117383738220422,0.007117383738220422,7.594493479622063e-05,1.0,0.22218364263452556,0.8495632471249135,0.6604588199089365,0.22218364263452556,0.8495632471249135,0.6604588199089365,0.023807682433036423,0.030355087500847595,0.038190384631749535,True,True,True
gaussian_control,2,2000,0.25,0.0006997839831280557,0.0006997839831280557,1.7541992422957216e-05,1.0,0.19447671744526326,0.8168939221449065,0.6192482041004331,0.19447671744526326,0.8168939221449065,0.6192482041004331,0.0230117923541232,0.035777099947788514,0.04243150633824481,True,True,True
gaussian_control,3,2000,0.25,0.00035226094295366905,0.00035226094295366905,6.729658364600232e-05,1.0,0.18607745778342755,0.7987194976381747,0.6133788819884777,0.18607745778342755,0.7987194976381747,0.6133788819884777,0.022448556400581555,0.029102704409121275,0.03963513234550225,True,True,True
gaussian_control,4,2000,0.25,0.0033727512050942664,0.0033727512050942664,0.0002687221050803238,1.0,0.21353116925106888,0.8203616461653179,0.6511307430205306,0.21353116925106888,0.8203616461653179,0.6511307430205306,0.023617590109179288,0.034161328489647064,0.04072700047866801,True,True,True
gaussian_control,5,2000,0.25,0.0011768369084562639,0.0011768369084562639,4.086319922163374e-05,1.0,0.19060406412954525,0.818797440494884,0.6276499524145905,0.19060406412954525,0.818797440494884,0.6276499524145905,0.023066163126494236,0.030695625286474713,0.03987217731148257,True,True,True
gaussian_control,6,2000,0.25,0.0010473942418514127,0.0010473942418514127,2.0643492579386566e-05,1.0,0.2016196085561998,0.814935791814909,0.6272031553485954,0.2016196085561998,0.814935791814909,0.6272031553485954,0.023660129198327672,0.03605405039204412,0.04084292732154205,True,True,True
gaussian_control,7,2000,0.25,0.0019680759853219266,0.0019680759853219266,4.175325614820887e-05,1.0,0.23220529698066453,0.8159235578460117,0.6237046763871882,0.23220529698066453,0.8159235578460117,0.6237046763871882,0.023810202516321353,0.03400701527323447,0.03925837795134588,True,True,True
gaussian_control,8,2000,0.25,0.0002379812778620329,0.0002379812778620329,6.338338483265734e-05,1.0,0.19801146409852743,0.8145807378926,0.6051356793839135,0.19801146409852743,0.8145807378926,0.6051356793839135,0.022751077448528424,0.031882444650503605,0.042181454980224145,True,True,True
gaussian_control,9,2000,0.25,0.003690529600971866,0.003690529600971866,6.72173158833694e-05,1.0,0.21520182688157974,0.8379121707354795,0.6413766121737536,0.21520182688157974,0.8379121707354795,0.6413766121737536,0.024007296876946763,0.035410877610528045,0.041519514360438,True,True,True
gaussian_control,10,2000,0.25,0.0013840196679541375,0.0013840196679541375,0.00013013850687067647,1.0,0.18469481926054374,0.7790444098334478,0.5703878056224937,0.18469481926054374,0.7790444098334478,0.5703878056224937,0.022093201418859537,0.03227721715480189,0.04193484694641234,True,True,True
gaussian_control,11,2000,0.25,0.005098939889501779,0.005098939889501779,1.3115561345108682e-05,1.0,0.2292165860403975,0.8399800376449477,0.6471353571231416,0.2292165860403975,0.8399800376449477,0.6471353571231416,0.024006835894430634,0.03181567594802384,0.03918159225308444,True,True,True
gaussian_control,12,2000,0.25,4.7663926767233825e-05,4.7663926767233825e-05,5.598527762045338e-05,1.0,0.19310674397488098,0.8003943029534804,0.6000202484789513,0.19310674397488098,0.8003943029534804,0.6000202484789513,0.022846098271511916,0.03501235529451911,0.04089305546703812,True,True,True
gaussian_control,13,2000,0.25,0.0003703393820493607,0.0003703393820493607,7.763197719386836e-05,1.0,0.18478189045931984,0.8031533519466403,0.611452136590181,0.18478189045931984,0.8031533519466403,0.611452136590181,0.023458476028285803,0.03189064495326111,0.039770356811906896,True,True,True
gaussian_control,14,2000,0.25,0.0006526205291308162,0.0006526205291308162,2.0014951616117376e-05,1.0,0.17473151115435653,0.8037445188854728,0.6003766214335412,0.17473151115435653,0.8037445188854728,0.6003766214335412,0.022291120645302358,0.03300455480141859,0.042768366532758936,True,True,True
gaussian_control,15,2000,0.25,0.002325822602781347,0.002325822602781347,0.0002209158982927778,1.0,0.16597524940926753,0.778789085821343,0.5741408985407498,0.16597524940926753,0.778789085821343,0.5741408985407498,0.02361693202118322,0.03609394834641759,0.039387791038719616,True,True,True
gaussian_control,16,2000,0.25,0.000421422214472568,0.000421422214472568,3.877238166406689e-05,1.0,0.19209499898283128,0.7872804577116639,0.5854481453569806,0.19209499898283128,0.7872804577116639,0.5854481453569806,0.022871354904909356,0.03265160004659705,0.04114663515425872,True,True,True
gaussian_control,17,2000,0.25,0.008906607528753847,0.008906607528753847,7.489708589273583e-05,1.0,0.22932692207151656,0.8525358608850114,0.6677302332481929,0.22932692207151656,0.8525358608850114,0.6677302332481929,0.024130192229250197,0.03339583552780115,0.039960100655668886,True,True,True
gaussian_control,18,2000,0.25,0.0008265718349567823,0.0008265718349567823,6.404144764745137e-05,1.0,0.20774106942917916,0.8113910245241012,0.6228973542099426,0.20774106942917916,0.8113910245241012,0.6228973542099426,0.02417477278389414,0.038733253029707024,0.041816576550072655,True,True,True
gaussian_control,19,2000,0.25,0.0005288066898172705,0.0005288066898172705,0.00014669476869637712,1.0,0.19474483725845837,0.8227465148538615,0.6024847964098529,0.19474483725845837,0.8227465148538615,0.6024847964098529,0.02284617800282366,0.03282794640273175,0.040255703659682236,True,True,True
gaussian_control,20,2000,0.25,0.0025012345099889,0.0025012345099889,3.7564129589492594e-05,1.0,0.24902973368163078,0.7982384611775717,0.5883370606738013,0.24902973368163078,0.7982384611775717,0.5883370606738013,0.023096356276175293,0.031233667759348122,0.038515241348936316,False,True,True
gaussian_control,21,2000,0.25,0.005030771426225868,0.005030771426225868,0.00011611398891402262,1.0,0.1969120746124105,0.8529586274720294,0.6483414948664563,0.1969120746124105,0.8529586274720294,0.6483414948664563,0.022972760138227598,0.030500409882228133,0.04062062416075665,True,True,True
gaussian_control,22,2000,0.25,0.00210622299001305,0.00210622299001305,3.092386972423827e-05,1.0,0.20467497677391103,0.8295160368770962,0.6344201118162565,0.20467497677391103,0.8295160368770962,0.6344201118162565,0.02308289823461888,0.035151615040308455,0.04162269386052755,True,True,True
gaussian_control,23,2000,0.25,0.001419759700204037,0.001419759700204037,0.00010009360217354932,1.0,0.21622167980167523,0.7910797329747071,0.5655911484467611,0.21622167980167523,0.7910797329747071,0.5655911484467611,0.022519407727676174,0.03262821828603351,0.04083743130916042,True,True,True
gaussian_control,24,2000,0.25,0.013862731552864776,0.013862731552864776,0.00011863736287962039,1.0,0.22713414259072123,0.8589718834386356,0.6941211378382501,0.22713414259072123,0.8589718834386356,0.6941211378382501,0.023735253163235555,0.03127475351710022,0.03745538632883551,True,True,False
gaussian_control,25,2000,0.25,0.003976551111131129,0.003976551111131129,0.00022878270559455432,1.0,0.21777363149928453,0.8448307016276242,0.6345579962788883,0.21777363149928453,0.8448307016276242,0.6345579962788883,0.024267328270438863,0.03699928218344201,0.04084660197454924,True,True,True
gaussian_control,26,2000,0.25,0.00015093448916326038,0.00015093448916326038,0.0002552964434747323,1.0,0.1879251419798013,0.7985897618046328,0.6014267301753657,0.1879251419798013,0.7985897618046328,0.6014267301753657,0.023082249564994488,0.03783935545045069,0.042254835072101926,True,True,True
gaussian_control,27,2000,0.25,0.001818507534336273,0.001818507534336273,4.470436063242073e-05,1.0,0.2211807862876739,0.8216516769804034,0.6279439054672763,0.2211807862876739,0.8216516769804034,0.6279439054672763,0.023765350919002573,0.03394835553777469,0.04022330460890452,True,True,True
gaussian_control,28,2000,0.25,0.002074612166763102,0.002074612166763102,0.00015450207165381834,1.0,0.19541329553288173,0.7725639122661943,0.5630406176819936,0.19541329553288173,0.7725639122661943,0.5630406176819936,0.02286323782564097,0.03297414463327925,0.0407958460595805,True,True,True
gaussian_control,29,2000,0.25,0.0018723613584239608,0.0018723613584239608,2.0318036739354503e-05,1.0,0.2270483649727067,0.8167399407462536,0.6261569857814071,0.2270483649727067,0.8167399407462536,0.6261569857814071,0.02421614932736242,0.03460112863515704,0.039971548960291994,True,True,True
gaussian_control,30,2000,0.25,0.002045718395128174,0.002045718395128174,2.1562726143004658e-05,1.0,0.22010973079416166,0.828706496987257,0.6268094316854045,0.22010973079416166,0.828706496987257,0.6268094316854045,0.023624640164350112,0.03302815111971738,0.03922601673819596,True,True,True
gaussian_control,31,2000,0.25,0.0065366134403018975,0.0065366134403018975,2.6074416528648156e-05,1.0,0.1823153913388125,0.7507612015285889,0.5339475994548031,0.1823153913388125,0.7507612015285889,0.5339475994548031,0.022243954121786383,0.031119577904734602,0.03833309921938076,True,True,True
gaussian_control,32,2000,0.25,0.002392310841172823,0.002392310841172823,2.4709489974814448e-05,1.0,0.2048378031783786,0.8282122054691464,0.6371567396949975,0.2048378031783786,0.8282122054691464,0.6371567396949975,0.023999282127371655,0.03386114266626884,0.04013471975027907,True,True,True
gaussian_control,33,2000,0.25,0.0013822794055140513,0.0013822794055140513,5.152298734584237e-05,1.0,0.21281160900959462,0.8231892325645122,0.6261273435953059,0.21281160900959462,0.8231892325645122,0.6261273435953059,0.02319882675096603,0.030000155242342487,0.03950585882685891,True,True,True
gaussian_control,34,2000,0.25,0.002576733475647626,0.002576733475647626,0.0001715889231954616,1.0,0.2302690334564375,0.7705980344365787,0.572753057035979,0.2302690334564375,0.7705980344365787,0.572753057035979,0.023485744345298057,0.03702741862261666,0.03864012554562301,True,True,True
gaussian_control,35,2000,0.25,0.004179143551576345,0.004179143551576345,4.605025447954318e-05,1.0,0.21648130775958735,0.7573588625399481,0.5521026087424539,0.21648130775958735,0.7573588625399481,0.5521026087424539,0.022490772470303944,0.03460251888028723,0.04191448254985496,True,True,True
gaussian_control,36,2000,0.25,0.008552450680521536,0.008552450680521536,0.00010274128023225216,1.0,0.21384814708463173,0.7414780985297852,0.5272344595054427,0.21384814708463173,0.7414780985297852,0.5272344595054427,0.0226578752342077,0.03352967391716786,0.03791569536961734,True,True,True
gaussian_control,37,2000,0.25,0.003300033616088892,0.003300033616088892,0.00010966573039371305,1.0,0.1839018899181231,0.7639998415015408,0.5527709324660374,0.1839018899181231,0.7639998415015408,0.5527709324660374,0.021959670416404713,0.03032492540670593,0.039245634985848106,True,True,True
gaussian_control,38,2000,0.25,0.0033937183936183814,0.0033937183936183814,3.7703154740255e-05,1.0,0.1865223389740234,0.7655260354713276,0.5531437885676467,0.1865223389740234,0.7655260354713276,0.5531437885676467,0.022457359200471563,0.031935648604080914,0.03849510996956116,True,True,True
gaussian_control,39,2000,0.25,0.0009542555360325906,0.0009542555360325906,0.00024349920667786544,1.0,0.20441992340550633,0.8269218304073613,0.613662687451287,0.20441992340550633,0.8269218304073613,0.613662687451287,0.02338435888907466,0.031302766949615785,0.040590849369506306,True,True,True
gaussian_control,40,2000,0.25,0.003071518302953197,0.003071518302953197,5.009580393633077e-05,1.0,0.2028197674502997,0.7717406946667534,0.5523834470909806,0.2028197674502997,0.7717406946667534,0.5523834470909806,0.022883023029432518,0.03438835017637733,0.04024767684132639,True,True,True
gaussian_control,41,2000,0.25,0.004228601422444506,0.004228601422444506,0.0002216613990825383,1.0,0.15429640137914694,0.7621632525278264,0.5675683141405118,0.15429640137914694,0.7621632525278264,0.5675683141405118,0.02209701730425464,0.03210738520033331,0.03961816352388484,False,True,True
gaussian_control,42,2000,0.25,0.004624641963892015,0.004624641963892015,0.00026928085386440935,1.0,0.14844909158631556,0.7569128292938168,0.5782486407732903,0.14844909158631556,0.7569128292938168,0.5782486407732903,0.022272539102945632,0.031087507277835942,0.038426059696622154,False,True,True
gaussian_control,43,2000,0.25,0.001369271973937261,0.001369271973937261,3.201492087281295e-05,1.0,0.16555575278989057,0.8103270437643656,0.6077012367752048,0.16555575278989057,0.8103270437643656,0.6077012367752048,0.022357579943277382,0.03268173535818185,0.04268455216149384,True,True,True
gaussian_control,44,2000,0.25,0.006889222611711817,0.006889222611711817,3.1879777562202984e-05,1.0,0.20948780660938043,0.8469676035036261,0.6654137705826961,0.20948780660938043,0.8469676035036261,0.6654137705826961,0.023653894942149725,0.03174541085430848,0.03819329753682306,True,True,True
gaussian_control,45,2000,0.25,0.014741436555326797,0.014741436555326797,8.191161474031426e-05,1.0,0.1583142362687051,0.7141666675591561,0.5115514749361257,0.1583142362687051,0.7141666675591561,0.5115514749361257,0.02171818485304632,0.036009294397198445,0.03862218849265033,True,False,False
gaussian_control,46,2000,0.25,0.003026718071393274,0.003026718071393274,6.399536140687e-05,1.0,0.23252684922791128,0.8267628148300771,0.6309353436421342,0.23252684922791128,0.8267628148300771,0.6309353436421342,0.023911917777861034,0.038777891698552704,0.0415264984750901,True,True,True
gaussian_control,47,2000,0.25,0.004871304916236177,0.004871304916236177,1.5539412020016935e-05,1.0,0.2197064420478901,0.8394793404109877,0.6482491275645813,0.2197064420478901,0.8394793404109877,0.6482491275645813,0.024189467207757876,0.036534396032558876,0.04067473662312339,True,True,True
gaussian_control,48,2000,0.25,0.0004590702998535322,0.0004590702998535322,0.00013847176053083428,1.0,0.18804324750939944,0.7982821135739696,0.5811880470326447,0.18804324750939944,0.7982821135739696,0.5811880470326447,0.022441006963131775,0.03347739047445812,0.04326817193693215,True,True,True
gaussian_control,49,2000,0.25,0.0049918533158308945,0.0049918533158308945,5.985251361532515e-05,1.0,0.23545602884383185,0.8279834813570544,0.6468335386639275,0.23545602884383185,0.8279834813570544,0.6468335386639275,0.02464818746461593,0.03686813312423797,0.03975140814272486,True,True,True
gaussian_control,50,2000,0.25,0.00295600836211316,0.00295600836211316,6.607520034913197e-05,1.0,0.16025426996712738,0.7778549917955964,0.5666655625969156,0.16025426996712738,0.7778549917955964,0.5666655625969156,0.022308767865784056,0.03223187252080751,0.04149300799321187,True,True,True
gaussian_control,51,2000,0.25,0.00018469998848195707,0.00018469998848195707,1.350415620926349e-05,1.0,0.18758705789890917,0.7944877620076493,0.598568240613425,0.18758705789890917,0.7944877620076493,0.598568240613425,0.022986307892510147,0.032960909726741955,0.038868383486222687,True,True,True
gaussian_control,52,2000,0.25,0.00026365361279320683,0.00026365361279320683,9.62980817284701e-05,1.0,0.20354916796044795,0.7913654334950767,0.5869314398179695,0.20354916796044795,0.7913654334950767,0.5869314398179695,0.023316683218572637,0.035564797489632184,0.042002669574350796,True,True,True
gaussian_control,53,2000,0.25,0.0002160814336983229,0.0002160814336983229,0.00018272259664506852,1.0,0.1914682961791778,0.7904415174968551,0.591412410160616,0.1914682961791778,0.7904415174968551,0.591412410160616,0.021965971089625582,0.03019677199841277,0.03928784627118426,True,True,True
gaussian_control,54,2000,0.25,0.00020978607163016415,0.00020978607163016415,0.00023483519741113984,1.0,0.19958439442525736,0.7932511483262983,0.5866470205972517,0.19958439442525736,0.7932511483262983,0.5866470205972517,0.022558117846959103,0.032415366046753,0.042329935304594266,True,True,True
gaussian_control,55,2000,0.25,0.00030314438492078024,0.00030314438492078024,0.00037324341487539526,1.0,0.18468115272977167,0.7988576444972639,0.5902007403111724,0.18468115272977167,0.7988576444972639,0.5902007403111724,0.021942107053860436,0.03239069768816223,0.04277612145485658,True,True,True
gaussian_control,56,2000,0.25,0.0027860874855768704,0.0027860874855768704,1.9488935144810394e-05,1.0,0.16754952035083523,0.770636557050595,0.5682489731060686,0.16754952035083523,0.770636557050595,0.5682489731060686,0.022735870634715574,0.03332826067873242,0.0409635685940537,True,True,True
gaussian_control,57,2000,0.25,0.002543972285700037,0.002543972285700037,5.923940438298377e-05,1.0,0.18598132246736435,0.7729524671256917,0.5583815111655113,0.18598132246736435,0.7729524671256917,0.5583815111655113,0.02245872951342607,0.03411426059393637,0.039362692104299574,True,True,True
gaussian_control,58,2000,0.25,0.0002452031010873807,0.0002452031010873807,0.00014673545262003818,1.0,0.1870788883012504,0.8077051184132844,0.6044296601323756,0.1870788883012504,0.8077051184132844,0.6044296601323756,0.022912181253322998,0.031043817078816385,0.0402970288213518,True,True,True
gaussian_control,59,2000,0.25,0.00047328562162080235,0.00047328562162080235,4.185564910614829e-05,1.0,0.21865444616873447,0.7972057028030545,0.589173843331836,0.21865444616873447,0.7972057028030545,0.589173843331836,0.023177136952732068,0.03456485184111782,0.039984041237428825,True,True,True
gaussian_control,60,2000,0.25,0.0014285421201997376,0.0014285421201997376,0.00013015323598385056,1.0,0.2033615451549803,0.8262098343293002,0.6284083428206035,0.2033615451549803,0.8262098343293002,0.6284083428206035,0.02250840135217979,0.030914863250578125,0.03999805674790246,True,True,True
gaussian_control,61,2000,0.25,0.0005048741582148977,0.0005048741582148977,5.269903643408508e-06,1.0,0.2198155691278002,0.8078775504990112,0.6062602368637954,0.2198155691278002,0.8078775504990112,0.6062602368637954,0.023340223530412322,0.033886369250405515,0.04032492502211775,True,True,True
gaussian_control,62,2000,0.25,0.0025961662090249254,0.0025961662090249254,8.160290030233604e-05,1.0,0.16674054872607139,0.7802146753074706,0.5640181342277212,0.16674054872607139,0.7802146753074706,0.5640181342277212,0.02219575489540626,0.033816391633363904,0.04315840027552278,True,True,True
gaussian_control,63,2000,0.25,0.001612647334088452,0.001612647334088452,7.420371995130188e-06,1.0,0.2126276631924991,0.8225229741097289,0.6282415171136252,0.2126276631924991,0.8225229741097289,0.6282415171136252,0.023923835007715197,0.03756555074965773,0.04355931223961805,True,True,True
gaussian_control,64,2000,0.25,0.008540966968869117,0.008540966968869117,0.00011959599351047003,1.0,0.17980011959003156,0.7494508869366264,0.5159815293380612,0.17980011959003156,0.7494508869366264,0.5159815293380612,0.021651084942770633,0.03041071549246395,0.03748664539856893,True,True,False
gaussian_control,65,2000,0.25,0.006937837277552565,0.006937837277552565,0.00022810556106500523,1.0,0.23809495672475864,0.8359650022460092,0.6597039009952016,0.23809495672475864,0.8359650022460092,0.6597039009952016,0.023788366998316827,0.03138110059586273,0.037812026706986884,True,True,True
gaussian_control,66,2000,0.25,0.0014198494897989557,0.0014198494897989557,2.954905938265552e-05,1.0,0.182533341942196,0.8173651925437747,0.6283492135597797,0.182533341942196,0.8173651925437747,0.6283492135597797,0.023175630856470827,0.032170362287696874,0.0397319434545382,True,True,True
gaussian_control,67,2000,0.25,0.0005006246633720294,0.0005006246633720294,8.206642411245574e-05,1.0,0.21260362108780315,0.8143657289302945,0.6117048761513699,0.21260362108780315,0.8143657289302945,0.6117048761513699,0.022941427902031228,0.03286820114561376,0.04072462165717637,True,True,True
gaussian_control,68,2000,0.25,0.00022771502151448057,0.00022771502151448057,8.308890476588896e-05,1.0,0.21328945032703958,0.8052947433272462,0.6044850990481069,0.21328945032703958,0.8052947433272462,0.6044850990481069,0.023403314051945026,0.033342238942896694,0.03965475693703452,True,True,True
gaussian_control,69,2000,0.25,0.014832952578975652,0.014832952578975652,5.853444225655577e-05,1.0,0.1827824996303739,0.7232944699874159,0.4935376672316436,0.1827824996303739,0.7232944699874159,0.4935376672316436,0.021583645387231044,0.02937241186309545,0.03791053996429016,True,False,False
gaussian_control,70,2000,0.25,0.0016510769135047087,0.0016510769135047087,4.712751955771103e-05,1.0,0.20816079217511566,0.8126790798121579,0.635898688209677,0.20816079217511566,0.8126790798121579,0.635898688209677,0.023993948789643813,0.03340973966296269,0.039164696789503295,True,True,True
gaussian_control,71,2000,0.25,8.966658935492447e-05,8.966658935492447e-05,3.6491010806181664e-06,1.0,0.20069523402400802,0.8047270980045523,0.6082800191208846,0.20069523402400802,0.8047270980045523,0.6082800191208846,0.023081548977397642,0.031616216877279085,0.03985181384607822,True,True,True
gaussian_control,72,2000,0.25,0.001320245675938674,0.001320245675938674,0.00023639099630209717,1.0,0.16654101779719518,0.7903960571079538,0.5882358582501281,0.16654101779719518,0.7903960571079538,0.5882358582501281,0.02272505239371598,0.031546552799820486,0.04084500553165502,True,True,True
gaussian_control,73,2000,0.25,4.3873761289677055e-05,4.3873761289677055e-05,2.8096247686629433e-05,1.0,0.19404748515928777,0.7996954863772203,0.6028566129448171,0.19404748515928777,0.7996954863772203,0.6028566129448171,0.022764577917508595,0.03331916802646441,0.040485456617412825,True,True,True
gaussian_control,74,2000,0.25,0.0012222362165058365,0.0012222362165058365,1.3613889764330041e-05,1.0,0.2167283739633161,0.8204653059370218,0.6209664261371897,0.2167283739633161,0.8204653059370218,0.6209664261371897,0.023779763565547875,0.03523876249939491,0.04114345831960599,True,True,True
gaussian_control,75,2000,0.25,0.008508086903996246,0.008508086903996246,3.1293549598825685e-05,1.0,0.18870292222327023,0.7334809951137834,0.5337603816208784,0.18870292222327023,0.7334809951137834,0.5337603816208784,0.022452188818656134,0.03416200161249393,0.03958923290905386,True,True,True
gaussian_control,76,2000,0.25,0.00014789693883917465,0.00014789693883917465,7.761018788732425e-05,1.0,0.1880011860767787,0.7982789419540507,0.6012931711760408,0.1880011860767787,0.7982789419540507,0.6012931711760408,0.02350455204992575,0.035733495882799615,0.04085050933278562,True,True,True
gaussian_control,77,2000,0.25,0.0003827852108672419,0.0003827852108672419,5.44061416487099e-05,1.0,0.20955540027854877,0.7853105879011557,0.5913611313842521,0.20955540027854877,0.7853105879011557,0.5913611313842521,0.023211260982698885,0.03457740107326227,0.03944264054178757,True,True,True
gaussian_control,78,2000,0.25,0.0005124668623285317,0.0005124668623285317,1.2171341015889815e-05,1.0,0.21459063167232384,0.8154771886521296,0.6071047342643828,0.21459063167232384,0.8154771886521296,0.6071047342643828,0.023090539008682878,0.035337532828238,0.04046761732064046,True,True,True
gaussian_control,79,2000,0.25,7.699534835008356e-05,7.699534835008356e-05,6.320642496502898e-05,1.0,0.20602822160032655,0.8060994555518681,0.5982226140293863,0.20602822160032655,0.8060994555518681,0.5982226140293863,0.023271646206044924,0.031070877839981734,0.03895116450289456,True,True,True
gaussian_control,80,2000,0.25,0.001154956601466256,0.001154956601466256,0.00014515967466351525,1.0,0.1953649776100355,0.7815733869744965,0.5718989428657008,0.1953649776100355,0.7815733869744965,0.5718989428657008,0.022862252420610567,0.03314980934628925,0.03961683931040661,True,True,True
gaussian_control,81,2000,0.25,0.00602929275378964,0.00602929275378964,8.748350311491571e-05,1.0,0.18990891624691877,0.7461275299266816,0.541005700306422,0.18990891624691877,0.7461275299266816,0.541005700306422,0.02223686840788907,0.032259756469078235,0.03953331678881646,True,True,True
gaussian_control,82,2000,0.25,0.00028498469293395203,0.00028498469293395203,2.007008772887058e-05,1.0,0.2080344378600039,0.7937987100730234,0.5867760476959454,0.2080344378600039,0.7937987100730234,0.5867760476959454,0.023181132670695825,0.03506894185786571,0.04048169269754376,True,True,True
gaussian_control,83,2000,0.25,0.006637551802808512,0.006637551802808512,8.461288000134543e-05,1.0,0.19952166154008544,0.7473202317693517,0.5353835174554654,0.19952166154008544,0.7473202317693517,0.5353835174554654,0.02241514433303012,0.035034470875300955,0.03944274948265902,True,True,True
gaussian_control,84,2000,0.25,0.004091728483021344,0.004091728483021344,0.00011709467807697315,1.0,0.1915587580902925,0.8365147434892537,0.6507729114076743,0.1915587580902925,0.8365147434892537,0.6507729114076743,0.023480349134043118,0.03253489728534882,0.03967965027624731,True,True,True
gaussian_control,85,2000,0.25,0.011253384214237048,0.011253384214237048,0.00018315788318705694,1.0,0.22583969710006033,0.8642298225186203,0.6697757474168972,0.22583969710006033,0.8642298225186203,0.6697757474168972,0.02426080634005831,0.03812013943089148,0.03784366774505418,True,True,True
gaussian_control,86,2000,0.25,0.0048157596032250335,0.0048157596032250335,6.978152934285484e-05,1.0,0.21512856788566506,0.8366042493769494,0.6516700692381077,0.21512856788566506,0.8366042493769494,0.6516700692381077,0.024396471072543016,0.033511075069211416,0.0387477388150938,True,True,True
gaussian_control,87,2000,0.25,0.0004804827874498734,0.0004804827874498734,6.545224217049527e-05,1.0,0.2029468641820855,0.7894846736907843,0.5808328559528462,0.2029468641820855,0.7894846736907843,0.5808328559528462,0.022869857606275617,0.033819187661373366,0.04175797227577683,True,True,True
gaussian_control,88,2000,0.25,0.0033949217086505206,0.0033949217086505206,0.00014541999980426546,1.0,0.1804236944838503,0.765569640103433,0.5514252357210264,0.1804236944838503,0.765569640103433,0.5514252357210264,0.021729839149450404,0.03084610795670084,0.04069650893734786,True,True,True
gaussian_control,89,2000,0.25,0.004008686089790639,0.004008686089790639,0.00015585042613428174,1.0,0.20674696069383228,0.7585643828490427,0.5523729834356589,0.20674696069383228,0.7585643828490427,0.5523729834356589,0.022688798741836196,0.034075644446900685,0.03858836620593626,True,True,True
gaussian_control,90,2000,0.25,0.0003786898474191865,0.0003786898474191865,0.0002754779206466673,1.0,0.20466174879507734,0.7842081532523282,0.5896238311122617,0.20466174879507734,0.7842081532523282,0.5896238311122617,0.022838544422252652,0.03353718054231039,0.03959278602749363,True,True,True
gaussian_control,91,2000,0.25,0.0003744077374444831,0.0003744077374444831,0.00011818499793989197,1.0,0.18712865212061947,0.7852983547266049,0.6004183802010973,0.18712865212061947,0.7852983547266049,0.6004183802010973,0.023168652989597045,0.035542726760521115,0.03973504762459603,True,True,True
gaussian_control,92,2000,0.25,0.0008335008965758746,0.0008335008965758746,2.9595433497372466e-05,1.0,0.17139138860036623,0.8010997103375884,0.6030843278070904,0.17139138860036623,0.8010997103375884,0.6030843278070904,0.022380068772353965,0.03016333959186958,0.04026712202359343,True,True,True
gaussian_control,93,2000,0.25,0.005013498380856157,0.005013498380856157,0.00048523444488020675,1.0,0.1983497855447513,0.7528794263463059,0.5427732341159783,0.1983497855447513,0.7528794263463059,0.5427732341159783,0.02177008339763573,0.03141412570863421,0.03889604855419255,True,True,True
gaussian_control,94,2000,0.25,0.005680260484816548,0.005680260484816548,3.593082872592219e-06,1.0,0.23578592487327496,0.8412361950061426,0.6463437166313643,0.23578592487327496,0.8412361950061426,0.6463437166313643,0.024040158795907304,0.03368522129930455,0.03988765410190533,True,True,True
gaussian_control,95,2000,0.25,0.002587970847108668,0.002587970847108668,2.42470005455442e-05,1.0,0.21955367035217896,0.826159239381678,0.6375313536810135,0.21955367035217896,0.826159239381678,0.6375313536810135,0.02357521813696405,0.03206271092329918,0.03913906782558535,True,True,True
gaussian_control,96,2000,0.25,0.009674291752125285,0.009674291752125285,5.307238080992026e-05,1.0,0.2276310483030034,0.8576677177672384,0.673061549573667,0.2276310483030034,0.8576677177672384,0.673061549573667,0.023548520666003863,0.031062491568216877,0.03946516542909814,True,True,True
gaussian_control,97,2000,0.25,0.00408789447338468,0.00408789447338468,4.6288449990008495e-06,1.0,0.17548220526513936,0.7607205453422542,0.550962454821761,0.17548220526513936,0.7607205453422542,0.550962454821761,0.02206515241584892,0.030806874592830713,0.039135974989187396,True,True,True
gaussian_control,98,2000,0.25,0.0001716072452434477,0.0001716072452434477,9.719610226679584e-05,1.0,0.20044076908933398,0.7990549026105009,0.5865528651192328,0.20044076908933398,0.7990549026105009,0.5865528651192328,0.022602842559589338,0.03112060095065609,0.040243482695414744,True,True,True
gaussian_control,99,2000,0.25,0.0007852545725491397,0.0007852545725491397,2.5616048270145317e-05,1.0,0.1831474982822461,0.8176541089165495,0.6137303580732516,0.1831474982822461,0.8176541089165495,0.6137303580732516,0.022750856145042367,0.03195448180715159,0.04020707709559761,True,True,True
gaussian_control,100,2000,0.25,0.012505164298225015,0.012505164298225015,0.00012950504394886226,1.0,0.14798807678464854,0.7302172266890175,0.5132803609367729,0.14798807678464854,0.7302172266890175,0.5132803609367729,0.021261534998265195,0.030390537493423443,0.03800982486425823,False,False,False
gaussian_control,101,2000,0.25,0.0019261072599643264,0.0019261072599643264,5.957892862306241e-07,1.0,0.2203789392945411,0.824456923267102,0.6289280011601183,0.2203789392945411,0.824456923267102,0.6289280011601183,0.023477741439335318,0.032829893684163065,0.03995698776128338,True,True,True
gaussian_control,102,2000,0.25,0.00016337213100939624,0.00016337213100939624,0.00010070883144702227,1.0,0.19184533807545753,0.7904149445246529,0.5974632138265722,0.19184533807545753,0.7904149445246529,0.5974632138265722,0.02284799829070438,0.03392784643762483,0.04043342979679357,True,True,True
gaussian_control,103,2000,0.25,0.002542760481849009,0.002542760481849009,9.971391912106935e-05,1.0,0.22316502186121023,0.834290183381076,0.6262576167846295,0.22316502186121023,0.834290183381076,0.6262576167846295,0.023440004064703028,0.035064999810531974,0.03995542378754493,True,True,True
gaussian_control,104,2000,0.25,0.0025184856223825648,0.0025184856223825648,1.6102931290922417e-05,1.0,0.1714423764765931,0.8249077210073543,0.6340828389424737,0.1714423764765931,0.8249077210073543,0.6340828389424737,0.022367974451930485,0.0299035423313301,0.04127678723969685,True,True,True
gaussian_control,105,2000,0.25,0.0012519257521008123,0.0012519257521008123,4.847601719109642e-05,1.0,0.1857234629614507,0.7767893349939918,0.5774524104970087,0.1857234629614507,0.7767893349939918,0.5774524104970087,0.023193870339532026,0.03430255061729823,0.03884770999312283,True,True,True
gaussian_control,106,2000,0.25,0.006130244174284859,0.006130244174284859,0.0001330852032382733,1.0,0.18886605816419405,0.7554234848437549,0.5314720608353044,0.18886605816419405,0.7554234848437549,0.5314720608353044,0.022301290132011306,0.033254071474221804,0.03858569161080579,True,True,True
gaussian_control,107,2000,0.25,0.000665447847887331,0.000665447847887331,0.00014126949021376982,1.0,0.19020303609691788,0.8199959884360447,0.612192057379251,0.19020303609691788,0.8199959884360447,0.612192057379251,0.023300076702362817,0.037134031920349926,0.042806436635380224,True,True,True
gaussian_control,108,2000,0.25,0.0022558337139021124,0.0022558337139021124,7.417211409811744e-05,1.0,0.24423883189097706,0.8110872025516119,0.6103496987487782,0.24423883189097706,0.8110872025516119,0.6103496987487782,0.023295870135132166,0.02973947974503873,0.03777080648489163,True,True,True
gaussian_control,109,2000,0.25,0.010457475485792003,0.010457475485792003,1.4861009592734571e-05,1.0,0.21741465084303008,0.8568207545185427,0.6706211590899052,0.21741465084303008,0.8568207545185427,0.6706211590899052,0.02511147326088029,0.035213659635717716,0.0383194291047582,True,True,True
gaussian_control,110,2000,0.25,0.004041228290195688,0.004041228290195688,6.08794251938063e-05,1.0,0.21197519585157554,0.8336885426260461,0.6500406450384428,0.21197519585157554,0.8336885426260461,0.6500406450384428,0.023800533229026994,0.03211374963498161,0.04047853525241298,True,True,True
gaussian_control,111,2000,0.25,0.007200877633356457,0.007200877633356457,6.433651034351798e-05,1.0,0.17292341745792678,0.7405515135499273,0.541444856237068,0.17292341745792678,0.7405515135499273,0.541444856237068,0.022354408808243544,0.03435385885817017,0.037763093153225756,True,True,True
gaussian_control,112,2000,0.25,0.0016380909144172058,0.0016380909144172058,2.76553637914591e-05,1.0,0.21936113230702897,0.8244813629482641,0.6239542124677583,0.21936113230702897,0.8244813629482641,0.6239542124677583,0.023747093288039554,0.0325481211695054,0.03918255142815243,True,True,True
gaussian_control,113,2000,0.25,0.006085945399004455,0.006085945399004455,0.00018999683328955696,1.0,0.23171928340463122,0.8517165616647783,0.6464906872152384,0.23171928340463122,0.8517165616647783,0.6464906872152384,0.02355937828487957,0.03227604419755255,0.03998860746752129,True,True,True
gaussian_control,114,2000,0.25,0.0013368091335389028,0.0013368091335389028,3.3131751536764355e-07,1.0,0.2044513291186669,0.7765779026109798,0.5719610893055886,0.2044513291186669,0.7765779026109798,0.5719610893055886,0.022927204264775965,0.03266723285517814,0.03858239477717881,True,True,True
gaussian_control,115,2000,0.25,0.017037341655421725,0.017037341655421725,0.00010406587975390215,1.0,0.19015220109448586,0.7019285165292884,0.50878662976849,0.19015220109448586,0.7019285165292884,0.50878662976849,0.022377109728492474,0.03471803277554769,0.03859800368908098,True,False,False
gaussian_control,116,2000,0.25,0.008181183475983792,0.008181183475983792,2.8623180746947035e-05,1.0,0.24839099396027794,0.8429148976606089,0.6544418395659667,0.24839099396027794,0.8429148976606089,0.6544418395659667,0.024523375317617543,0.03502838556755116,0.03777643371420361,False,True,True
gaussian_control,117,2000,0.25,0.00011707217481534092,0.00011707217481534092,4.580297365577926e-05,1.0,0.18944050793747827,0.7977604511704727,0.5990717323704658,0.18944050793747827,0.7977604511704727,0.5990717323704658,0.02262141572331121,0.03435260437884597,0.04148796036805841,True,True,True
gaussian_control,118,2000,0.25,0.0013966164503193656,0.0013966164503193656,0.0001091881945517278,1.0,0.18779485889954686,0.7837822786630602,0.5651993170435706,0.18779485889954686,0.7837822786630602,0.5651993170435706,0.021923154831176697,0.031299594895659,0.04013517848664065,True,True,True
gaussian_control,119,2000,0.25,0.0008946515836058107,0.0008946515836058107,0.00023775667519741164,1.0,0.17549432005660848,0.8080644439336367,0.6155316717746777,0.17549432005660848,0.8080644439336367,0.6155316717746777,0.02210378723202021,0.030037050105594678,0.03979600564665855,True,True,True
gaussian_control,120,2000,0.25,0.001732014460675462,0.001732014460675462,3.839487618725744e-05,1.0,0.2106413791178939,0.7733574661229359,0.570270593202926,0.2106413791178939,0.7733574661229359,0.570270593202926,0.02318583041882526,0.03461646801022058,0.03810336299340698,True,True,True
gaussian_control,121,2000,0.25,0.0016793378855473771,0.0016793378855473771,0.00016586498650472272,1.0,0.15954305683547962,0.7967611318330183,0.6052195183318547,0.15954305683547962,0.7967611318330183,0.6052195183318547,0.02199881770142202,0.029207068112080084,0.03964352866071518,True,True,True
gaussian_control,122,2000,0.25,0.0066775226626928095,0.0066775226626928095,7.854755117533116e-05,1.0,0.18015848650286767,0.7475847694338104,0.5316531079398112,0.18015848650286767,0.7475847694338104,0.5316531079398112,0.02158189691870607,0.028848448359717536,0.03714310306240445,True,True,True
gaussian_control,123,2000,0.25,0.0012939542466835264,0.0012939542466835264,0.00014850398509647688,1.0,0.21974413726904887,0.77596293902395,0.5815272388349507,0.21974413726904887,0.77596293902395,0.5815272388349507,0.023056678014867098,0.03227897046507988,0.038537828691403556,True,True,True
gaussian_control,124,2000,0.25,0.000360379319112969,0.000360379319112969,3.412800255494178e-05,1.0,0.19082307214068145,0.8151510292985784,0.6071314623219973,0.19082307214068145,0.8151510292985784,0.6071314623219973,0.022926047623027808,0.034125227082246426,0.04306931785681695,True,True,True
gaussian_control,125,2000,0.25,0.0003223402143417378,0.0003223402143417378,0.0001516181190323284,1.0,0.1919566447164691,0.7914510375794284,0.5866092873910579,0.1919566447164691,0.7914510375794284,0.5866092873910579,0.02319376911293888,0.03153630032140354,0.03867946331639877,True,True,True
gaussian_control,126,2000,0.25,0.002258618574639474,0.002258618574639474,0.0002419216156927749,1.0,0.17348547869881015,0.8093504622321437,0.6383192081087059,0.17348547869881015,0.8093504622321437,0.6383192081087059,0.023026488101567665,0.03299469484394104,0.03942763496645811,True,True,True
gaussian_control,127,2000,0.25,0.0034505434408396633,0.0034505434408396633,3.403587659682614e-05,1.0,0.1483455865308502,0.7847708533262472,0.5701800106948525,0.1483455865308502,0.7847708533262472,0.5701800106948525,0.021875016071529637,0.03205200383530243,0.045126643813199065,False,True,True
gaussian_control,128,2000,0.25,0.012425513859944408,0.012425513859944408,0.00011566245117551239,1.0,0.1775572028578532,0.7180376997047312,0.5179861520175781,0.1775572028578532,0.7180376997047312,0.5179861520175781,0.021915772342115575,0.0336623388206611,0.03782670137712142,True,False,False
gaussian_control,129,2000,0.25,0.0006816682437387795,0.0006816682437387795,0.0002316638688539221,1.0,0.21498738851759144,0.779305654083273,0.5935727903413033,0.21498738851759144,0.779305654083273,0.5935727903413033,0.022849603075639952,0.032901242876152134,0.03826471771750995,True,True,True
gaussian_control,130,2000,0.25,0.008494295331661473,0.008494295331661473,0.00014069788493865654,1.0,0.15659153206054746,0.7481664887393501,0.52836518956267,0.15659153206054746,0.7481664887393501,0.52836518956267,0.021673470286916734,0.02986943553370373,0.0392352258857614,False,True,True
gaussian_control,131,2000,0.25,0.0018502259458701307,0.0018502259458701307,0.00014657006186568394,1.0,0.18428806654996896,0.782059563347331,0.5614668056704305,0.18428806654996896,0.782059563347331,0.5614668056704305,0.022333188810722597,0.03071137054242312,0.03885644470657444,True,True,True
gaussian_control,132,2000,0.25,0.00023159492182035766,0.00023159492182035766,2.825392171221796e-05,1.0,0.20983169474321503,0.8010406712820343,0.6109864708219122,0.20983169474321503,0.8010406712820343,0.6109864708219122,0.02364869390953411,0.034005407144950095,0.04001633049302044,True,True,True
gaussian_control,133,2000,0.25,0.0014138651682335391,0.0014138651682335391,0.00014334035944197794,1.0,0.2022346524234992,0.7741894428833422,0.5720447867781691,0.2022346524234992,0.7741894428833422,0.5720447867781691,0.022730503328690674,0.033890908313673626,0.0380769280463656,True,True,True
gaussian_control,134,2000,0.25,0.003344480094367517,0.003344480094367517,0.0003353119207061532,1.0,0.23317920918857865,0.8266261816674321,0.6348136337034421,0.23317920918857865,0.8266261816674321,0.6348136337034421,0.024429286178982074,0.035510933824613546,0.03961893534207825,True,True,True
gaussian_control,135,2000,0.25,0.0003404794629416994,0.0003404794629416994,0.00011750261537219847,1.0,0.1965557832830479,0.7903252566789755,0.5848758576932982,0.1965557832830479,0.7903252566789755,0.5848758576932982,0.022991467337145934,0.0347467905771311,0.04071720234247681,True,True,True
gaussian_control,136,2000,0.25,0.001127722645551443,0.001127722645551443,0.00018224274392625057,1.0,0.21281696790774876,0.7860387679712783,0.5726256950361194,0.21281696790774876,0.7860387679712783,0.5726256950361194,0.023006761972158958,0.03413151093626775,0.04089786423460992,True,True,True
gaussian_control,137,2000,0.25,0.010934562655727814,0.010934562655727814,0.00023256135869463245,1.0,0.23538328544364978,0.856661571134164,0.6688076628656047,0.23538328544364978,0.856661571134164,0.6688076628656047,0.02449904925111406,0.03531930189094161,0.04015311551278459,True,True,True
gaussian_control,138,2000,0.25,0.0006229609603103504,0.0006229609603103504,4.767130393778956e-05,1.0,0.18086182606728907,0.7922478000784617,0.5860620259041457,0.18086182606728907,0.7922478000784617,0.5860620259041457,0.023066346077504383,0.036113619072897174,0.04082208595521458,True,True,True
gaussian_control,139,2000,0.25,0.0002599221430908303,0.0002599221430908303,0.0001341596013169244,1.0,0.19317599916517758,0.8033543367568521,0.5856805416943194,0.19317599916517758,0.8033543367568521,0.5856805416943194,0.0229273483986621,0.03363818378840942,0.042259114072159154,True,True,True
gaussian_control,140,2000,0.25,0.002375537360731814,0.002375537360731814,1.904741267080834e-05,1.0,0.22617220026304488,0.8251505140527275,0.6307920294252596,0.22617220026304488,0.8251505140527275,0.6307920294252596,0.023600025415750847,0.030695530580449864,0.03913314684382646,True,True,True
gaussian_control,141,2000,0.25,0.001919362938834399,0.001919362938834399,0.00011048620444255967,1.0,0.21930201981777017,0.8184514167776485,0.6322828633704162,0.21930201981777017,0.8184514167776485,0.6322828633704162,0.023904668958676746,0.03305158778692786,0.03847971012501293,True,True,True
gaussian_control,142,2000,0.25,0.0022305315290929747,0.0022305315290929747,2.0006964182122365e-05,1.0,0.21924646139563947,0.7752118908482704,0.5641257894541787,0.21924646139563947,0.7752118908482704,0.5641257894541787,0.022882653528018992,0.03273905842086943,0.03860832778390205,True,True,True
gaussian_control,143,2000,0.25,0.008893446140120621,0.008893446140120621,0.0001839989103628018,1.0,0.2286055371102147,0.858612530977916,0.6649571034679067,0.2286055371102147,0.858612530977916,0.6649571034679067,0.0234247366735154,0.032054839489251495,0.04097359005981244,True,True,True
gaussian_control,144,2000,0.25,0.003941586288567637,0.003941586288567637,4.698858261451483e-06,1.0,0.23457050330353044,0.8301751664894146,0.6369070348082486,0.23457050330353044,0.8301751664894146,0.6369070348082486,0.02442561266848954,0.03653580801457498,0.03998195121535238,True,True,True
gaussian_control,145,2000,0.25,0.0004884182488655738,0.0004884182488655738,8.236353195166987e-05,1.0,0.19841044278439512,0.8185198180814505,0.6127778151658104,0.19841044278439512,0.8185198180814505,0.6127778151658104,0.0227568091897856,0.030895147489908015,0.03984665148146528,True,True,True
gaussian_control,146,2000,0.25,0.003052116331416913,0.003052116331416913,0.00012288793492363264,1.0,0.18230519014003785,0.8342643047206498,0.6384224128946707,0.18230519014003785,0.8342643047206498,0.6384224128946707,0.023492937837985062,0.03446592439133954,0.04187803563016783,True,True,True
gaussian_control,147,2000,0.25,0.00019168825960252367,0.00019168825960252367,0.00016223358858132687,1.0,0.18792606348558202,0.7943760661459468,0.5953620682836992,0.18792606348558202,0.7943760661459468,0.5953620682836992,0.022432250905545605,0.03284224642543399,0.0400770231086039,True,True,True
gaussian_control,148,2000,0.25,0.0004758290951547353,0.0004758290951547353,5.687117440362427e-05,1.0,0.1942316629807541,0.8117255364321115,0.6165423818882805,0.1942316629807541,0.8117255364321115,0.6165423818882805,0.023489370508097008,0.03669463721995524,0.03982402194051035,True,True,True
gaussian_control,149,2000,0.25,0.00207494584499512,0.00207494584499512,0.0001740070371194648,1.0,0.23708964650686631,0.8167995783891621,0.6182964740429151,0.23708964650686631,0.8167995783891621,0.6182964740429151,0.02376362017507902,0.032774936497741186,0.03976334747763997,True,True,True
gaussian_control,150,2000,0.25,0.0009434868677367611,0.0009434868677367611,8.861012701466913e-05,1.0,0.18302531610035208,0.7876764971133181,0.5762091765096057,0.18302531610035208,0.7876764971133181,0.5762091765096057,0.022651283302697955,0.03190510707430644,0.0384934297283113,True,True,True
gaussian_control,151,2000,0.25,0.0005709712987094035,0.0005709712987094035,0.0001673887023024152,1.0,0.18336686525694426,0.8128464957224054,0.6110538448328271,0.18336686525694426,0.8128464957224054,0.6110538448328271,0.023267257992479796,0.03339294873756628,0.04008320755366088,True,True,True
gaussian_control,152,2000,0.25,0.0022599854656687813,0.0022599854656687813,0.00020535100134956086,1.0,0.16068760725438627,0.7787802358247495,0.58110672083544,0.16068760725438627,0.7787802358247495,0.58110672083544,0.022568681423398938,0.03134760520365791,0.04045866695743402,True,True,True
gaussian_control,153,2000,0.25,0.0020611751037873326,0.0020611751037873326,8.524659375124721e-05,1.0,0.18213943709186348,0.7691087565050447,0.5696061902877483,0.18213943709186348,0.7691087565050447,0.5696061902877483,0.022271908923158584,0.03554700815905034,0.040959429291598744,True,True,True
gaussian_control,154,2000,0.25,0.0006390308678056718,0.0006390308678056718,4.006358752967469e-05,1.0,0.21487712315713292,0.8180088209204054,0.6090576484417783,0.21487712315713292,0.8180088209204054,0.6090576484417783,0.023243529013970882,0.033468838793773936,0.040391517610658845,True,True,True
gaussian_control,155,2000,0.25,0.009192083407116166,0.009192083407116166,5.716155675216097e-05,1.0,0.17348187536749207,0.7388460236386191,0.525047867314187,0.17348187536749207,0.7388460236386191,0.525047867314187,0.021982492530545093,0.03250306336386335,0.03894524293565662,True,True,True
gaussian_control,156,2000,0.25,6.31726231947844e-05,6.31726231947844e-05,6.427015266428115e-06,1.0,0.20123092525439173,0.8035667605466602,0.5929748139390885,0.20123092525439173,0.8035667605466602,0.5929748139390885,0.02273456238738661,0.03470038763676284,0.04070926069023586,True,True,True
gaussian_control,157,2000,0.25,0.00037174121885014306,0.00037174121885014306,8.170111766952398e-05,1.0,0.19155743491925073,0.8080315056486185,0.6155107297987343,0.19155743491925073,0.8080315056486185,0.6155107297987343,0.02317727242501896,0.032238406996656754,0.039851947258888284,True,True,True
gaussian_control,158,2000,0.25,0.0011604402493302058,0.0011604402493302058,0.00013025463251580577,1.0,0.16633006712441842,0.7999212335384056,0.60519276017808,0.16633006712441842,0.7999212335384056,0.60519276017808,0.023121423168297368,0.03416608029986623,0.04144342019584774,True,True,True
gaussian_control,159,2000,0.25,0.015766110607463243,0.015766110607463243,0.00017490268217135196,1.0,0.27583255963698394,0.8637875720036685,0.6563602311924688,0.27583255963698394,0.8637875720036685,0.6563602311924688,0.025279580842880338,0.03649455738505686,0.039936070718204326,False,True,True
gaussian_control,160,2000,0.25,0.00031991254766578663,0.00031991254766578663,7.090546837126728e-05,1.0,0.20671243607306816,0.7902611644051198,0.5865736218729259,0.20671243607306816,0.7902611644051198,0.5865736218729259,0.022958555349031594,0.03246272621770442,0.03926770603813136,True,True,True
gaussian_control,161,2000,0.25,0.000779429839711106,0.000779429839711106,0.00024277936975514812,1.0,0.18883291208891484,0.8073766364952834,0.6236183502530599,0.18883291208891484,0.8073766364952834,0.6236183502530599,0.0236732749399549,0.03346526074937206,0.038856551207812874,True,True,True
gaussian_control,162,2000,0.25,0.0010003655851056924,0.0010003655851056924,0.00019993256236748138,1.0,0.23001241416402932,0.8092029855997275,0.6003724360763804,0.23001241416402932,0.8092029855997275,0.6003724360763804,0.023359299574223634,0.033110119105508,0.03871679681180561,True,True,True
gaussian_control,163,2000,0.25,0.004857913474072317,0.004857913474072317,3.793205574638592e-05,1.0,0.1554553723567896,0.7614482416861765,0.5580301702898027,0.1554553723567896,0.7614482416861765,0.5580301702898027,0.022302131894344882,0.03697418463849953,0.042901206190863586,False,True,True
gaussian_control,164,2000,0.25,0.00028303677608390327,0.00028303677608390327,5.194553714241409e-05,1.0,0.21672361786243743,0.7981884286797554,0.5995785516085986,0.21672361786243743,0.7981884286797554,0.5995785516085986,0.02382068176330591,0.03636722163762458,0.04034894715537944,True,True,True
gaussian_control,165,2000,0.25,0.0012111666943641316,0.0012111666943641316,9.194846485255323e-05,1.0,0.21251918490561647,0.7751167557949525,0.5798478085583709,0.21251918490561647,0.7751167557949525,0.5798478085583709,0.02360598751986533,0.03701852735003653,0.040216490327196826,True,True,True
gaussian_control,166,2000,0.25,0.00034925687378959465,0.00034925687378959465,0.00010035569794049073,1.0,0.19184425895192916,0.7862626897957231,0.5900465809450306,0.19184425895192916,0.7862626897957231,0.5900465809450306,0.02304983980140581,0.034795842395505865,0.040979105547316555,True,True,True
gaussian_control,167,2000,0.25,0.0007400488146061918,0.0007400488146061918,0.00012759874844966228,1.0,0.20078801045662212,0.7831275545708388,0.5771688100911504,0.20078801045662212,0.7831275545708388,0.5771688100911504,0.022391098499879202,0.02954418672755101,0.038245164152963834,True,True,True
gaussian_control,168,2000,0.25,0.0005942062124749468,0.0005942062124749468,5.243194130292396e-05,1.0,0.19847667848062572,0.7798466795429332,0.5871427185639326,0.19847667848062572,0.7798466795429332,0.5871427185639326,0.023519507711257593,0.041835317458531814,0.044642112019857856,True,True,True
gaussian_control,169,2000,0.25,0.0034992019796813603,0.0034992019796813603,0.0001618497381655711,1.0,0.16738702226909813,0.8331498232001531,0.6378924486137063,0.16738702226909813,0.8331498232001531,0.6378924486137063,0.02248378833769484,0.029923859605933613,0.04123998472049905,True,True,True
gaussian_control,170,2000,0.25,0.00811683649676937,0.00811683649676937,0.00022135977148776502,1.0,0.18001202676770686,0.7319270004205417,0.5391346833365348,0.18001202676770686,0.7319270004205417,0.5391346833365348,0.022106116150859285,0.03711003901857548,0.04168778365310759,True,True,True
gaussian_control,171,2000,0.25,0.01795381523903914,0.01795381523903914,7.464977468633759e-05,1.0,0.15890382314312199,0.7153404563214507,0.49099834880034887,0.15890382314312199,0.7153404563214507,0.49099834880034887,0.021481933310914865,0.03448854869267083,0.039618484335957986,True,False,False
gaussian_control,172,2000,0.25,0.0011658622495439438,0.0011658622495439438,0.0001057745890437314,1.0,0.20342331652757714,0.7838792169040627,0.5684162136047587,0.20342331652757714,0.7838792169040627,0.5684162136047587,0.02244704441676911,0.03284921688883128,0.040140093134913866,True,True,True
gaussian_control,173,2000,0.25,0.002593637010415206,0.002593637010415206,0.00011325351925146058,1.0,0.20751506393444172,0.7773502731724088,0.5543381325407604,0.20751506393444172,0.7773502731724088,0.5543381325407604,0.022894288599368876,0.032108032881504926,0.03901440410251995,True,True,True
gaussian_control,174,2000,0.25,0.0020388087139749356,0.0020388087139749356,0.0002193153028908882,1.0,0.20982842895176007,0.7834279048355332,0.560184939374798,0.20982842895176007,0.7834279048355332,0.560184939374798,0.02312838705822675,0.03398081224818988,0.03950845025983239,True,True,True
gaussian_control,175,2000,0.25,0.0012443199410356192,0.0012443199410356192,4.365273930695331e-05,1.0,0.18712895794086132,0.7889634913860706,0.5651772830531697,0.18712895794086132,0.7889634913860706,0.5651772830531697,0.021838666256710392,0.03043320004594961,0.041322058705572234,True,True,True
gaussian_control,176,2000,0.25,0.00020667523070542183,0.00020667523070542183,2.619113528828574e-05,1.0,0.21403332723922344,0.801316606953895,0.6026535334898196,0.21403332723922344,0.801316606953895,0.6026535334898196,0.02328775036096403,0.035048766481702014,0.041572580014777545,True,True,True
gaussian_control,177,2000,0.25,0.0022107048215504283,0.0022107048215504283,0.00019560335247981923,1.0,0.16946083067377943,0.7740719405709577,0.5715591586496803,0.16946083067377943,0.7740719405709577,0.5715591586496803,0.022388145198884022,0.03357909472987754,0.040319648504952905,True,True,True
gaussian_control,178,2000,0.25,0.0063228025112068665,0.0063228025112068665,0.00023897000950386983,1.0,0.17618044224626078,0.7453319004809811,0.5415731072597598,0.17618044224626078,0.7453319004809811,0.5415731072597598,0.02184425243584921,0.0334075016687478,0.037588129960207065,True,True,True
gaussian_control,179,2000,0.25,0.00034225690791543607,0.00034225690791543607,3.080185756186186e-05,1.0,0.1865172507744798,0.8070651846805572,0.6103813353281291,0.1865172507744798,0.8070651846805572,0.6103813353281291,0.022797553208946275,0.03451353230053587,0.041324223816720546,True,True,True
gaussian_control,180,2000,0.25,0.006209651285260654,0.006209651285260654,1.4510858732225484e-06,1.0,0.22344996884908574,0.8466452887779569,0.6530111757360805,0.22344996884908574,0.8466452887779569,0.6530111757360805,0.024064931213204695,0.03525692361220276,0.039712286738432134,True,True,True
gaussian_control,181,2000,0.25,0.0005520938922558631,0.0005520938922558631,0.00012414510517596143,1.0,0.19351011525622902,0.8228549226399616,0.6029692989543567,0.19351011525622902,0.8228549226399616,0.6029692989543567,0.02280491469682247,0.03370973866812574,0.04449466529486535,True,True,True
gaussian_control,182,2000,0.25,0.007695630992651637,0.007695630992651637,0.0001211339438717694,1.0,0.20589506076349856,0.8623487641131161,0.6601904844296795,0.20589506076349856,0.8623487641131161,0.6601904844296795,0.023410450714244607,0.030909540086559623,0.040102884834947464,True,False,True
gaussian_control,183,2000,0.25,0.005898462584298671,0.005898462584298671,9.839789849111407e-06,1.0,0.15673726082961661,0.7597041262632125,0.5395156809211009,0.15673726082961661,0.7597041262632125,0.5395156809211009,0.021383345858394267,0.02894937647411351,0.03815432239231652,False,True,True
gaussian_control,184,2000,0.25,0.0008044532260199619,0.0008044532260199619,4.840927535471291e-05,1.0,0.1954690837515617,0.8144960525195932,0.6240337962683076,0.1954690837515617,0.8144960525195932,0.6240337962683076,0.023118289983430296,0.03290544144379574,0.04037396883259482,True,True,True
gaussian_control,185,2000,0.25,0.004210791856429566,0.004210791856429566,7.554879872937622e-05,1.0,0.1893769116697724,0.7569829997889859,0.5493293915135247,0.1893769116697724,0.7569829997889859,0.5493293915135247,0.022359034894513557,0.03338106432748819,0.03897969278574481,True,True,True
gaussian_control,186,2000,0.25,0.002381365032289436,0.002381365032289436,3.1296406057773126e-05,1.0,0.22543769787814508,0.7803904522748663,0.5610071879124906,0.22543769787814508,0.7803904522748663,0.5610071879124906,0.022540718198733125,0.0319109759773854,0.03944255374676468,True,True,True
gaussian_control,187,2000,0.25,0.0026436492087207,0.0026436492087207,0.0001248837102697718,1.0,0.166252929295125,0.7746819152996842,0.5660270793187364,0.166252929295125,0.7746819152996842,0.5660270793187364,0.02219972094185381,0.03259885487279963,0.03945608169084577,True,True,True
gaussian_control,188,2000,0.25,0.0029046726831955505,0.0029046726831955505,8.250495457909152e-05,1.0,0.19164325202488774,0.7652666550299126,0.5574450769515525,0.19164325202488774,0.7652666550299126,0.5574450769515525,0.022549027112679743,0.03513380045104755,0.04229414265363863,True,True,True
gaussian_control,189,2000,0.25,0.00014017567216309158,0.00014017567216309158,0.00016959740836469168,1.0,0.1949803552625075,0.7972571800144114,0.6099831737267759,0.1949803552625075,0.7972571800144114,0.6099831737267759,0.023939726677465176,0.035196485873535716,0.040278728692942724,True,True,True
gaussian_control,190,2000,0.25,0.000811236244262082,0.000811236244262082,2.1424006329353962e-05,1.0,0.1780853664657362,0.7874339208323797,0.5859506487634768,0.1780853664657362,0.7874339208323797,0.5859506487634768,0.022821124469224643,0.031185137311804466,0.041228302481229245,True,True,True
gaussian_control,191,2000,0.25,0.012028072152878015,0.012028072152878015,2.724698691654187e-05,1.0,0.20644040934189617,0.8653214664112702,0.6798081305317186,0.20644040934189617,0.8653214664112702,0.6798081305317186,0.02419627161260301,0.03634817567988811,0.03977385305306019,True,True,False
gaussian_control,192,2000,0.25,0.00410844602129376,0.00410844602129376,0.0001008693788021829,1.0,0.16202903838506605,0.7558946892479209,0.5694148176039442,0.16202903838506605,0.7558946892479209,0.5694148176039442,0.022605757631530308,0.0340019462108449,0.03908037247401244,True,True,True
gaussian_control,193,2000,0.25,0.011027911358757294,0.011027911358757294,5.3993328505146516e-05,1.0,0.25048967850154513,0.8635156388199767,0.6563276027448366,0.25048967850154513,0.8635156388199767,0.6563276027448366,0.024217463503629306,0.03388528622812727,0.04084085224428149,False,True,True
gaussian_control,194,2000,0.25,0.0024634150530591934,0.0024634150530591934,2.7663420174562477e-05,1.0,0.21886107343373465,0.8222706810862709,0.6371978053151773,0.21886107343373465,0.8222706810862709,0.6371978053151773,0.024171835311339866,0.03254574383597189,0.03951953671213934,True,True,True
gaussian_control,195,2000,0.25,0.0016342823620730136,0.0016342823620730136,0.00015435330971274778,1.0,0.1616889316500272,0.8070681379123203,0.6093861081232019,0.1616889316500272,0.8070681379123203,0.6093861081232019,0.023138429803716297,0.035089529485669,0.04228370623610179,True,True,True
gaussian_control,196,2000,0.25,0.016269966579991843,0.016269966579991843,6.68681224565554e-05,1.0,0.15797037308331854,0.7115251172039129,0.5020012659007788,0.15797037308331854,0.7115251172039129,0.5020012659007788,0.02142230737483059,0.032677690911139375,0.040694981433125214,False,False,False
gaussian_control,197,2000,0.25,0.008089965354333052,0.008089965354333052,0.00023994832768485126,1.0,0.24662305175531773,0.8521933808189999,0.6497330216597832,0.24662305175531773,0.8521933808189999,0.6497330216597832,0.023909900867828154,0.032235344620846415,0.03988845814133926,True,True,True
gaussian_control,198,2000,0.25,0.0031458849275318103,0.0031458849275318103,7.031528101145891e-05,1.0,0.17109613598302523,0.7640162690533213,0.5644505365761954,0.17109613598302523,0.7640162690533213,0.5644505365761954,0.022219916565530573,0.033487917961934045,0.039505485450008204,True,True,True
gaussian_control,199,2000,0.25,0.000746844638129536,0.000746844638129536,5.2545637895953954e-05,1.0,0.18094759675542854,0.7806226486187047,0.6051541026450628,0.18094759675542854,0.7806226486187047,0.6051541026450628,0.023862112625476748,0.03587575199678579,0.03900788279476009,True,True,True
centered_exponential_skew,0,2000,0.25,0.044261366728121934,0.70443274207726,5.7429744147839664e-05,15.915295756777684,0.20384572645596272,0.9369942503565749,0.6941592089134951,0.20384572645596272,0.9369942503565749,0.47312605077146536,0.029171847007319583,0.15031824593833315,0.06073257914682746,True,True,True
centered_exponential_skew,1,2000,0.25,0.021877147443699358,0.3535514124523007,3.540646256769007e-05,16.160763799858373,0.1778897803286102,0.7142427548506529,0.43107154572316636,0.1778897803286102,0.7142427548506529,0.503195749002385,0.019491276137435568,0.04237672849479406,0.09013120307164117,True,False,True
centered_exponential_skew,2,2000,0.25,0.046276395383083486,0.31843085772449703,4.056063426922091e-05,6.881064419310857,0.18308184657645635,0.6857977387292105,0.31910717644880204,0.18308184657645635,0.6857977387292105,0.50891511099458,0.01848500519477144,0.038342548207927006,0.09797927267432494,True,False,False
centered_exponential_skew,3,2000,0.25,0.03728714088910099,0.7530556266712035,0.00016373917646413328,20.196121470158662,0.22644106171024428,0.9115941951146564,0.7087142332201865,0.22644106171024428,0.9115941951146564,0.48768045286787104,0.027363507165254965,0.09485655858941053,0.06028676950040228,True,True,True
centered_exponential_skew,4,2000,0.25,0.012191791344488419,0.6419884852002342,0.00028647033641410457,52.65743704598914,0.23681182986221425,0.8475525343741468,0.6816780097563601,0.23681182986221425,0.8475525343741468,0.49626438757139263,0.024981663884312208,0.06552247286924205,0.07093340812919573,True,True,True
centered_exponential_skew,5,2000,0.25,0.002024418290085416,0.507996169175527,4.052257070776585e-05,250.93439022134763,0.21131991489271545,0.7830142499229019,0.5546700239584781,0.21131991489271545,0.7830142499229019,0.5072683129126746,0.02209405181903381,0.04915432929679476,0.08809176373734601,True,True,True
centered_exponential_skew,6,2000,0.25,0.015976034052630265,0.6436171776889857,0.00028227840588854663,40.286417490642606,0.21414287852268168,0.8781832959889736,0.6729271465066385,0.21414287852268168,0.8781832959889736,0.48219612359864383,0.02611372898482188,0.08943888644481443,0.072091908441026,True,True,True
centered_exponential_skew,7,2000,0.25,0.053651409299687945,0.7798784649763951,7.977887087892283e-05,14.536029438110793,0.2231566955834387,0.9450285000795116,0.7123611373100655,0.2231566955834387,0.9450285000795116,0.4817761442835069,0.028486736843081485,0.10152475050399545,0.05583251327648951,True,True,False
centered_exponential_skew,8,2000,0.25,0.011716753234329849,0.670761967240562,5.21860022990649e-05,57.24810908155368,0.23774470901672123,0.8605054056096143,0.670180106469706,0.23774470901672123,0.8605054056096143,0.4995746689180766,0.024914624848576327,0.06118521895430015,0.0737896728024741,True,True,True
centered_exponential_skew,9,2000,0.25,0.0033606482875814772,0.5705254182689118,4.62759041158366e-05,169.766476419791,0.21706207280459008,0.8281264400009725,0.6422649906220261,0.21706207280459008,0.8281264400009725,0.4930342263321541,0.024494514373782025,0.08144808210030174,0.08658150206930004,True,True,True
centered_exponential_skew,10,2000,0.25,0.002337652428153041,0.5758949937679669,0.000151968179524696,246.35612498774103,0.21070342129450392,0.8366336784936904,0.6249370874793249,0.21070342129450392,0.8366336784936904,0.4913045552720995,0.024363701370139615,0.07636156147991865,0.0882346617198265,True,True,True
centered_exponential_skew,11,2000,0.25,0.0005022054893892238,0.4713635656512887,3.788035902548116e-05,938.5870437707785,0.19773877662687098,0.7851501579196498,0.5830394130064,0.19773877662687098,0.7851501579196498,0.4942488234126598,0.022752020169300235,0.06805832944147543,0.09294511679698968,True,True,True
centered_exponential_skew,12,2000,0.25,0.008687121233869369,0.4159614408993189,0.00010024657368575374,47.88254125861251,0.1934263136556563,0.7523014956902988,0.502277342355668,0.1934263136556563,0.7523014956902988,0.5003992845370097,0.020872314414614998,0.049365323889500684,0.09380557904337583,True,True,True
centered_exponential_skew,13,2000,0.25,0.008096150370353971,0.4285561631717378,3.8302885698440174e-05,52.93332553962939,0.19118943139014116,0.7486303025842838,0.5096678278619222,0.19118943139014116,0.7486303025842838,0.505226300965236,0.02103247529678036,0.04998340297911966,0.09483269541812858,True,True,True
centered_exponential_skew,14,2000,0.25,0.033647960375992096,0.7140054257202652,6.319138079034725e-06,21.219872400637687,0.21789371852233536,0.9035494665835119,0.7152273247836204,0.21789371852233536,0.9035494665835119,0.4907453530643405,0.0264095176271439,0.07209973887415519,0.05998848639402012,True,True,True
centered_exponential_skew,15,2000,0.25,0.03515750899134518,0.35491490024766165,3.0197867673887074e-05,10.09499564758789,0.19318243778299238,0.695489321234534,0.36378748429047053,0.19318243778299238,0.695489321234534,0.5131607756753958,0.01909431457572192,0.03524140781187352,0.082852097473564,True,False,False
centered_exponential_skew,16,2000,0.25,0.0012960118537917893,0.4881811782171836,5.486400058031623e-05,376.67956260499784,0.19218755515144018,0.7826699094124652,0.5637686120283117,0.19218755515144018,0.7826699094124652,0.5073111349535466,0.02164769247649489,0.04461375971322549,0.08043657882004601,True,True,True
centered_exponential_skew,17,2000,0.25,0.05364550871437586,0.8019125173238322,0.0001149014910437508,14.948362622366869,0.2388631552456788,0.9315350397506433,0.7216612373711672,0.2388631552456788,0.9315350397506433,0.48628995983646267,0.028339515123933578,0.09413307485135718,0.05729638018703789,True,True,False
centered_exponential_skew,18,2000,0.25,0.0060361536813040104,0.5134103851462214,0.00011052762631770292,85.05588363934889,0.1851026877635329,0.8394341867442743,0.6487263542277113,0.1851026877635329,0.8394341867442743,0.47795888224763383,0.026147607052638706,0.15949513221478784,0.0974885276595807,True,True,True
centered_exponential_skew,19,2000,0.25,0.012036403209428835,0.4406987269120787,0.00012635560913711096,36.61382218957678,0.20068481982472655,0.7547006919301179,0.4794545045512061,0.20068481982472655,0.7547006919301179,0.506252657018488,0.021064381748867825,0.05119190912263063,0.10837107731885416,True,True,True
centered_exponential_skew,20,2000,0.25,0.00040769754630986426,0.5130566269369274,0.0001554715799051763,1258.4246130021754,0.2044579484865733,0.8070130075089678,0.6162537953705727,0.2044579484865733,0.8070130075089678,0.49163613471695566,0.024462112662345555,0.11222864822046322,0.12013563760105468,True,True,True
centered_exponential_skew,21,2000,0.25,0.022121000368417198,0.3683912313429094,5.563264939609898e-05,16.653461652162548,0.19188561779845936,0.7100530507305168,0.42965622630411804,0.19188561779845936,0.7100530507305168,0.5080804647037607,0.01962588900936178,0.03993929728096748,0.08871300229114529,True,False,True
centered_exponential_skew,22,2000,0.25,0.013701462352092771,0.6723785499299373,0.00020990780668820702,49.07348811765612,0.21921536525053556,0.8704113791550159,0.6751464293133661,0.21921536525053556,0.8704113791550159,0.49519398555489363,0.025472503516540273,0.07426581524878173,0.07366497496019618,True,True,True
centered_exponential_skew,23,2000,0.25,0.005307584385297865,0.4425076324726632,1.2803450442431946e-05,83.3726984536355,0.19040964291535595,0.7565377923426937,0.5319645591862341,0.19040964291535595,0.7565377923426937,0.5034970493985358,0.021508376657104457,0.054458020648634024,0.09759142570345664,True,True,True
centered_exponential_skew,24,2000,0.25,0.035098551159453435,0.31659992709889295,8.184510612203771e-05,9.020313279045993,0.17179659474979062,0.6811413181529866,0.37123918328941,0.17179659474979062,0.6811413181529866,0.5081915762349651,0.018675207837090597,0.03737348170817554,0.08190688400863763,True,False,False
centered_exponential_skew,25,2000,0.25,0.00991103045897521,0.6434351217141147,7.1953351866811e-05,64.92111232807625,0.21929575736342993,0.8555889160302007,0.6703090306710687,0.21929575736342993,0.8555889160302007,0.4990999344963834,0.024934944412628987,0.06500358413933649,0.07174538108539971,True,True,True
centered_exponential_skew,26,2000,0.25,0.005027588784366744,0.5930829028862633,6.30137005137844e-05,117.96567466505036,0.20638552610321118,0.8468803080887575,0.6489173377544707,0.20638552610321118,0.8468803080887575,0.49622505126721245,0.023979133923086707,0.059536256415882075,0.07482891228217803,True,True,True
centered_exponential_skew,27,2000,0.25,0.0192616134479025,0.3791957673162042,3.168467428308083e-05,19.686604569333046,0.18386889438821907,0.7215157115452592,0.4434293987361358,0.18386889438821907,0.7215157115452592,0.5085522474782056,0.01990469525164302,0.046622466569752934,0.10524524168291245,True,True,True
centered_exponential_skew,28,2000,0.25,0.018906835730769924,0.38138471102641025,8.816494161880198e-05,20.1717895293143,0.19995917225367096,0.722130388712989,0.451047851350223,0.19995917225367096,0.722130388712989,0.5034218336724254,0.020159600331100182,0.0489776708993216,0.10678761410748457,True,True,True
centered_exponential_skew,29,2000,0.25,0.000824867171487753,0.517726411778396,4.0341743775258626e-05,627.6482198274547,0.19601003362482236,0.804989844999906,0.6277360821259012,0.19601003362482236,0.804989844999906,0.4962261609111259,0.023393553309333286,0.07399126312517358,0.09175421338635481,True,True,True
centered_exponential_skew,30,2000,0.25,0.0003822523507168241,0.5188659345874378,0.00024670287120176867,1357.391088934907,0.2148735265791675,0.8119753115663562,0.5964807170464128,0.2148735265791675,0.8119753115663562,0.49770132320962224,0.02278543479381055,0.05955530869686489,0.08888079445809403,True,True,True
centered_exponential_skew,31,2000,0.25,0.007410946188928598,0.43432384319636935,0.00017880115349878811,58.60572079786746,0.18144722316145917,0.7560739971845971,0.5158330603808661,0.18144722316145917,0.7560739971845971,0.5026968033580584,0.021397178420004995,0.05661817078672662,0.10510189206560618,True,True,True
centered_exponential_skew,32,2000,0.25,0.0010947795628328811,0.5332921029103748,4.431912651911283e-05,487.12281541903627,0.2019165484325468,0.8236235359485281,0.6217314005661174,0.2019165484325468,0.8236235359485281,0.49442503160864754,0.023694489825692756,0.07370012213367856,0.08768458581730104,True,True,True
centered_exponential_skew,33,2000,0.25,0.002813284192541399,0.4129522712813084,3.069717092049614e-05,146.78654661911892,0.16522652228946194,0.7648040117132262,0.5741743518747067,0.16522652228946194,0.7648040117132262,0.49147402518241856,0.021705187342779764,0.062051360417309596,0.0874669147720354,True,True,True
centered_exponential_skew,34,2000,0.25,0.0006034133148512231,0.5327545009246721,7.577142721624304e-05,882.9014670583255,0.22325545802119726,0.8010726604529362,0.5918064508931788,0.22325545802119726,0.8010726604529362,0.501243126696835,0.022791711951238247,0.051838187556923876,0.08147805398277043,True,True,True
centered_exponential_skew,35,2000,0.25,0.006601906351999696,0.39448889784998825,2.5934858346643266e-05,59.75378577287738,0.16733588368738248,0.7557225086462535,0.5276423003944816,0.16733588368738248,0.7557225086462535,0.49428003355312133,0.021015360716303798,0.062494325376122886,0.106501250699571,True,True,True
centered_exponential_skew,36,2000,0.25,0.0011145871027285629,0.5578033190701424,9.159919693590674e-05,500.45736013328434,0.20884564474229142,0.8192986242963827,0.6251255252355484,0.20884564474229142,0.8192986242963827,0.49681348595357006,0.02343780454819367,0.056620525013012894,0.07845635212579244,True,True,True
centered_exponential_skew,37,2000,0.25,0.016585690709688038,0.3350826721183355,0.00014544452316234778,20.203118337580413,0.17125703828941624,0.7152933908435183,0.4715459972328856,0.17125703828941624,0.7152933908435183,0.493024326168807,0.019745811796491444,0.048862519249016564,0.08999720768572303,True,True,True
centered_exponential_skew,38,2000,0.25,0.00299052674151509,0.5426931846672158,2.4625237773173796e-05,181.47076805348053,0.20452107394247268,0.8313418237217068,0.6378220193339843,0.20452107394247268,0.8313418237217068,0.4864503705634913,0.024718536332486322,0.1045097574814465,0.0962057658688033,True,True,True
centered_exponential_skew,39,2000,0.25,0.010304399106675069,0.5911957277066446,0.00014129352252137796,57.373139528696534,0.20244776992899502,0.87646886234397,0.6464052191959077,0.20244776992899502,0.87646886234397,0.47695273358963886,0.026528861072750966,0.13674847339401863,0.08638294209521223,True,True,True
centered_exponential_skew,40,2000,0.25,0.0014798857113046985,0.5767285451080006,3.594214672537033e-05,389.7115437377556,0.21487577027319468,0.8113521862141981,0.6338835459103757,0.21487577027319468,0.8113521862141981,0.5041384590185062,0.023526214171950537,0.051119086051135826,0.07438775677122988,True,True,True
centered_exponential_skew,41,2000,0.25,0.006355657845637149,0.4288373169074186,7.999660535516203e-05,67.47331705431479,0.19554659272333114,0.7589718378825996,0.5180949218860011,0.19554659272333114,0.7589718378825996,0.5030214326800574,0.021121807384364453,0.05121043836924623,0.09192057011982262,True,True,True
centered_exponential_skew,42,2000,0.25,0.014177584934074009,0.38135887344658964,5.994077151709778e-05,26.89871901455109,0.1820210853110193,0.7242801833874555,0.4772144378579884,0.1820210853110193,0.7242801833874555,0.5063829602809766,0.02020754744618725,0.04829215505496089,0.0973729863138735,True,True,True
centered_exponential_skew,43,2000,0.25,0.007675810384276075,0.3789675245140392,7.582564850514914e-05,49.371663126326766,0.18093594440383892,0.7369070781980577,0.5297310730905457,0.18093594440383892,0.7369070781980577,0.4929805974958357,0.02118877591395563,0.06563750925797335,0.10602794386591322,True,True,True
centered_exponential_skew,44,2000,0.25,0.00016997212302002123,0.5168713795819223,5.9006751324147276e-05,3040.9185365122453,0.20119569195641973,0.7899136729408139,0.6085723779247063,0.20119569195641973,0.7899136729408139,0.5053838296128982,0.022592515923204094,0.051088631107340556,0.07990096021724748,True,True,True
centered_exponential_skew,45,2000,0.25,0.007443211264939197,0.6395091499706583,1.2098378362801319e-05,85.91844664990607,0.22458698824053835,0.8449751865667966,0.663591490072256,0.22458698824053835,0.8449751865667966,0.5015538194759802,0.024536336187582015,0.0632264230154552,0.0776678477308971,True,True,True
centered_exponential_skew,46,2000,0.25,0.0111406501584668,0.5867690006566301,0.00033247327038596266,52.66918827090989,0.2148124468776812,0.8472046144931228,0.6813844536021132,0.2148124468776812,0.8472046144931228,0.4889585112073402,0.024787587563119835,0.07317594962201429,0.06928824485453507,True,True,True
centered_exponential_skew,47,2000,0.25,0.03468631235965918,0.29264213275443146,0.00022648133437108868,8.436818815446626,0.16399644932348947,0.668786879299195,0.38282403245594865,0.16399644932348947,0.668786879299195,0.5075044625472427,0.018504960790876875,0.0445611904077165,0.10166802608917812,True,False,False
centered_exponential_skew,48,2000,0.25,0.0055914707677428965,0.45754683329758317,1.5007547893100567e-05,81.829424189636,0.20108064729869884,0.7568573687721853,0.5233996785784917,0.20108064729869884,0.7568573687721853,0.5081152795440574,0.021108749180964587,0.04115703056537186,0.08048000693177719,True,True,True
centered_exponential_skew,49,2000,0.25,0.05653220604836491,0.2979052319243059,0.0002252324708052002,5.269655170885062,0.15401517634179882,0.6680762759809749,0.27236935544212065,0.15401517634179882,0.6680762759809749,0.5147132518160535,0.017862649597083224,0.033436544402669875,0.079487496932165,False,False,False
centered_exponential_skew,50,2000,0.25,0.004791853907923848,0.625542588153744,6.812885336234855e-05,130.54291724531538,0.2411739019524238,0.8332329334097418,0.6394820664816323,0.2411739019524238,0.8332329334097418,0.49801030553065917,0.024208699294420367,0.05278139186951819,0.07293860099383165,True,True,True
centered_exponential_skew,51,2000,0.25,0.013334236700890472,0.6556164023678012,6.941276430374423e-05,49.16789892622939,0.2198884982070126,0.8681164618694247,0.6729406484080179,0.2198884982070126,0.8681164618694247,0.4909440045717401,0.025608400246398655,0.07398105708498363,0.0714569360464485,True,True,True
centered_exponential_skew,52,2000,0.25,9.612522548796592e-05,0.5088768401130022,0.00018700587270980177,5293.894891062797,0.2092150542720073,0.7965470778686234,0.5997215889823448,0.2092150542720073,0.7965470778686234,0.501707019544578,0.02278464762974323,0.05938552302808918,0.086826926368884,True,True,True
centered_exponential_skew,53,2000,0.25,0.011902266898514683,0.6505809279682285,3.730497974746812e-05,54.660253673980066,0.22529851894379155,0.8636348163413547,0.6707828639546759,0.22529851894379155,0.8636348163413547,0.4934039972051003,0.025189092317339082,0.06603009161030275,0.06930834882095803,True,True,True
centered_exponential_skew,54,2000,0.25,0.005915622799559142,0.6119973780189168,7.871321126651384e-05,103.45442884974437,0.22969713200781153,0.8337429616421024,0.6613543872474719,0.22969713200781153,0.8337429616421024,0.5017944759600267,0.023803026099475363,0.04951576973729013,0.07091438757746771,True,True,True
centered_exponential_skew,55,2000,0.25,0.022018431850587192,0.3479740733342162,0.00010837271126312881,15.80376276092234,0.17878952736545894,0.7094998907706521,0.44204821747240636,0.17878952736545894,0.7094998907706521,0.5035375016442953,0.01986356570199398,0.052052084645382767,0.10477284250686156,True,True,True
centered_exponential_skew,56,2000,0.25,0.0016997367231433465,0.49518716859912504,0.00021600357037054616,291.33168793539306,0.16958018942902586,0.8043484857583276,0.6276384762672916,0.16958018942902586,0.8043484857583276,0.4965301302610305,0.023174876866205955,0.07592978896180105,0.09094577977607657,True,True,True
centered_exponential_skew,57,2000,0.25,0.008855089905309619,0.5976324158621749,0.0001641296770236204,67.49027082196277,0.20761700525668378,0.8409414793535159,0.6738962088406354,0.20761700525668378,0.8409414793535159,0.49321278752221986,0.024954597970117412,0.0774568904765255,0.07590240554198448,True,True,True
centered_exponential_skew,58,2000,0.25,0.0024973470455497224,0.5056055473072543,1.721818138078199e-05,202.45706266906092,0.21926368744401975,0.7753371152018733,0.5553353461546718,0.21926368744401975,0.7753371152018733,0.506918806365193,0.02214430013811864,0.04655332510559645,0.08397137036534988,True,True,True
centered_exponential_skew,59,2000,0.25,0.0001595834425283254,0.48330556576327083,1.7063805914797868e-05,3028.5445539093826,0.187619949815595,0.7978720103506907,0.6015886259622357,0.187619949815595,0.7978720103506907,0.49345666591928017,0.02319407258824402,0.08489359328396016,0.10679004532159483,True,True,True
centered_exponential_skew,60,2000,0.25,0.000729536263549093,0.5508100489534586,3.113435712898409e-05,755.013940326755,0.20901346877541035,0.8129916366860402,0.6209820125232415,0.20901346877541035,0.8129916366860402,0.4969461400808004,0.023691871026853523,0.06330955884200931,0.08359089501390204,True,True,True
centered_exponential_skew,61,2000,0.25,0.030943360431940917,0.3168797904012073,2.7534399506669707e-05,10.240639218813218,0.16361752653526151,0.6900452658402344,0.3952040804913492,0.16361752653526151,0.6900452658402344,0.5062404766003239,0.018890963864780102,0.04461653281531292,0.09702419617222022,True,False,False
centered_exponential_skew,62,2000,0.25,0.08344706218399812,0.9186614820148591,0.00016991940851289163,11.00891341134622,0.25491422354931464,0.964476199759787,0.7337707383891481,0.25491422354931464,0.964476199759787,0.4876869613842835,0.03010795016820326,0.10860783741619483,0.049418610798225425,True,True,False
centered_exponential_skew,63,2000,0.25,0.008083466416626203,0.3879921738683635,2.8974370868113523e-05,47.99824157991613,0.16811833155015882,0.7421565907835579,0.5229530046452081,0.16811833155015882,0.7421565907835579,0.49914758121051833,0.02096109730905425,0.0597912935188782,0.1002408247505,True,True,True
centered_exponential_skew,64,2000,0.25,0.037755868793161514,0.2804773279937775,2.3357724957699693e-05,7.428708091192928,0.15487301996711647,0.6708379149584354,0.3661121304307197,0.15487301996711647,0.6708379149584354,0.5021215392037278,0.018178984566276913,0.04297589128232099,0.09462564096097151,False,False,False
centered_exponential_skew,65,2000,0.25,0.025637366836747104,0.6806348041080075,8.528797933722348e-05,26.548545661578057,0.21369156942693907,0.8845044790320264,0.7048632544097511,0.21369156942693907,0.8845044790320264,0.49182767550852546,0.026436606998980504,0.08362989545752221,0.06453814762753367,True,True,True
centered_exponential_skew,66,2000,0.25,0.0008140274810153818,0.5514757541361305,9.585035450195748e-05,677.4657698880683,0.22190228104648674,0.8034064534633645,0.5816396275428988,0.22190228104648674,0.8034064534633645,0.50137208234639,0.02301165249060473,0.055144802345841334,0.08956308595310626,True,True,True
centered_exponential_skew,67,2000,0.25,0.030685335003346238,0.7044931822995252,9.525176763158213e-05,22.95862770351701,0.2246913003129232,0.9096250094973429,0.6919705749860491,0.2246913003129232,0.9096250094973429,0.48322407043986226,0.02726885558155308,0.1005065207850872,0.06535520243034365,True,True,True
centered_exponential_skew,68,2000,0.25,0.005067675570715039,0.44807694537086795,0.00010340656982281122,88.41863278703241,0.19802098936087753,0.763886972790418,0.5284122071885126,0.19802098936087753,0.763886972790418,0.49900355708426286,0.02144118301107099,0.04755147419981115,0.0869972813010209,True,True,True
centered_exponential_skew,69,2000,0.25,0.0089499472727861,0.4597671505583904,0.0002536632054989757,51.37093398934247,0.19567458228067497,0.7681758339039,0.49312548597781136,0.19567458228067497,0.7681758339039,0.5091915413646243,0.021167614064468404,0.044600314902695316,0.08649818879575592,True,True,True
centered_exponential_skew,70,2000,0.25,0.0021825951841538435,0.5425500713558361,1.7377847569022768e-05,248.58025679469915,0.2055244684446426,0.827686988582214,0.634146814369144,0.2055244684446426,0.827686988582214,0.49132835630056537,0.023977830154968204,0.07500798856901218,0.08415414325402908,True,True,True
centered_exponential_skew,71,2000,0.25,0.00023577330935674022,0.547595046375924,8.547412116328981e-05,2322.5489257877675,0.2108028870542853,0.8099650556017978,0.6038655879920776,0.2108028870542853,0.8099650556017978,0.5008088571039754,0.02285388115148286,0.050847175299534135,0.08149696646905974,True,True,True
centered_exponential_skew,72,2000,0.25,0.0018062812125008503,0.47784388986912946,0.00018184269361424144,264.54567902388817,0.20467588949364474,0.7668060626092249,0.568218975571051,0.20467588949364474,0.7668060626092249,0.5087242258890433,0.02176367499056185,0.0463577801079253,0.08161338117765043,True,True,True
centered_exponential_skew,73,2000,0.25,0.009329961747230409,0.6228764091558046,0.00012257126413565646,66.76087491363026,0.22506211794542816,0.8498492008589867,0.6723952359796709,0.22506211794542816,0.8498492008589867,0.4975791075018532,0.02438026505365086,0.057459242757861344,0.06996760233634292,True,True,True
centered_exponential_skew,74,2000,0.25,0.0239318377970027,0.3270302084458699,1.9798558118601054e-05,13.665068734789276,0.16339856152646018,0.7050809435623089,0.4359969212977071,0.16339856152646018,0.7050809435623089,0.49914381690209336,0.019569553947679244,0.050128927393650484,0.09709875266609343,True,True,True
centered_exponential_skew,75,2000,0.25,0.0010415384032035674,0.5265002833786755,0.00016992943849519163,505.5025160467095,0.20882237592852923,0.7886917932687016,0.5682246799979167,0.20882237592852923,0.7886917932687016,0.5075759316906094,0.02249872305498511,0.051651237433705095,0.09006247123286036,True,True,True
centered_exponential_skew,76,2000,0.25,0.012775719081419367,0.4032064406172097,0.00020854780986912536,31.560371517844455,0.19038269282516593,0.7322928837874396,0.48451428097488763,0.19038269282516593,0.7322928837874396,0.5014246860745238,0.02056504853958832,0.04630019077207487,0.095415882200844,True,True,True
centered_exponential_skew,77,2000,0.25,0.0008345220375405864,0.47884393901378897,7.001777334079185e-06,573.7942408626935,0.18208322360322135,0.8085485315375159,0.6187495974105335,0.18208322360322135,0.8085485315375159,0.48536519408545553,0.023994368758848715,0.09985182124656841,0.09749789743539167,True,True,True
centered_exponential_skew,78,2000,0.25,0.027679515674044076,0.33917498558539283,8.956533583669007e-05,12.253645966191797,0.16818423484588063,0.7018040057656049,0.41102470302116856,0.16818423484588063,0.7018040057656049,0.5083895941112356,0.01939360147543288,0.052107155673744236,0.12316336466359804,True,True,True
centered_exponential_skew,79,2000,0.25,0.003932774281924277,0.4902731918413306,7.026420544610867e-05,124.6634453685055,0.21842014946875038,0.7652673201407181,0.5404516547636142,0.21842014946875038,0.7652673201407181,0.5116727763789033,0.02166583186557433,0.04590845845637613,0.090587281294202,True,True,True
centered_exponential_skew,80,2000,0.25,0.04380151549127991,0.304570318146992,0.00020861843693493264,6.953419641556156,0.17229899873079135,0.6684399740533405,0.32213814009426556,0.17229899873079135,0.6684399740533405,0.5178172594999617,0.01816807798449691,0.037895491588273836,0.09396040767492149,True,False,False
centered_exponential_skew,81,2000,0.25,0.002864715570565791,0.5325099078833435,0.00017346800373486704,185.88578683159494,0.214379118631249,0.7869949189838789,0.5406814367211434,0.214379118631249,0.7869949189838789,0.5147895990013366,0.02182539110664181,0.03965437357188464,0.07884710370777308,True,True,True
centered_exponential_skew,82,2000,0.25,0.011877471873938639,0.6229052878137457,0.00010376440298339613,52.44426544848442,0.20321058001021203,0.8619240128923653,0.6767001797351309,0.20321058001021203,0.8619240128923653,0.4937199048729993,0.02503178634545041,0.06823286313310983,0.06975725507768891,True,True,True
centered_exponential_skew,83,2000,0.25,0.002664079648644315,0.435397385181702,3.036423034748221e-06,163.4325705702024,0.18333000280410167,0.770054508535117,0.555875579874062,0.18333000280410167,0.770054508535117,0.4966489303817778,0.021675899759345328,0.060317890069580805,0.09583247600771413,True,True,True
centered_exponential_skew,84,2000,0.25,0.0015605489982591103,0.4934326046832423,0.00020330886936349618,316.19167692504186,0.1757464670269472,0.8178908409637615,0.6220015617836,0.1757464670269472,0.8178908409637615,0.4831325584765973,0.02427038827876405,0.10030958378066732,0.09526349597196829,True,True,True
centered_exponential_skew,85,2000,0.25,0.023396999540596878,0.3552443175240394,3.826458335393983e-06,15.183327969368195,0.1707833410592101,0.7081132885073479,0.4249799888089794,0.1707833410592101,0.7081132885073479,0.5090249329258777,0.019401252000396503,0.041834545917464994,0.09055082961575187,True,False,True
centered_exponential_skew,86,2000,0.25,0.05496725966088622,0.7687310760524628,5.4223586044726045e-05,13.985253781888622,0.2181833989090403,0.9412187269483464,0.7218723051443764,0.2181833989090403,0.9412187269483464,0.48520476750378017,0.028259794371808682,0.1032148347619348,0.05609800920128028,True,True,False
centered_exponential_skew,87,2000,0.25,0.013904727793915637,0.41775993870326006,2.42996863882459e-05,30.04445285768639,0.1931064732606595,0.7378939938028436,0.4672193590309571,0.1931064732606595,0.7378939938028436,0.5099558814625951,0.02041064324834026,0.04164390644572074,0.08954191552216502,True,True,True
centered_exponential_skew,88,2000,0.25,0.010360836449818302,0.6525647943031716,0.00028455171552000796,62.983794548230286,0.2375686445884293,0.8529527306770103,0.6660456763248273,0.2375686445884293,0.8529527306770103,0.4994136432389753,0.02528060998560057,0.07114813556215228,0.07749199010891944,True,True,True
centered_exponential_skew,89,2000,0.25,0.0015178073926773506,0.4623027653835968,7.812348768206756e-05,304.58592283446023,0.20189745471781456,0.7819851682069598,0.5639426748909627,0.20189745471781456,0.7819851682069598,0.4940341588661546,0.022342171608004533,0.06688009517872669,0.10034211415129635,True,True,True
centered_exponential_skew,90,2000,0.25,0.011750740434303441,0.6083420576018225,7.970416871501225e-05,51.77052978090769,0.21669043433967167,0.858537325973685,0.6727092597025757,0.21669043433967167,0.858537325973685,0.4883956786126888,0.02548489953298093,0.09362260429281045,0.0749160806668992,True,True,True
centered_exponential_skew,91,2000,0.25,0.016740902289769856,0.40577024080337826,1.4796566811807637e-05,24.238253935174036,0.1998062910552237,0.7285950415954933,0.45489604875251616,0.1998062910552237,0.7285950415954933,0.5094483276043883,0.020219983872167942,0.04216112407303733,0.09166915127791896,True,True,True
centered_exponential_skew,92,2000,0.25,0.0401176418347001,0.3018976285488666,5.022367889696401e-05,7.525308436442982,0.17460882610991418,0.6679563486456266,0.36358219413667864,0.17460882610991418,0.6679563486456266,0.5072842046111224,0.01870277781728758,0.04702906116060227,0.11914924242427975,True,False,False
centered_exponential_skew,93,2000,0.25,0.001074550038979086,0.5184534137431702,0.00017869705132736568,482.4841979771785,0.19726992971830737,0.8161642604627855,0.6272056253411438,0.19726992971830737,0.8161642604627855,0.48923619777604327,0.023466423317034437,0.06408496424040695,0.07833334145234663,True,True,True
centered_exponential_skew,94,2000,0.25,0.01585005083829322,0.6783409181090568,6.285362731765723e-05,42.79739699447567,0.22974887901832475,0.8775546959069118,0.6750651127995214,0.22974887901832475,0.8775546959069118,0.4947136892422201,0.025711636101908644,0.07184088098937004,0.07106785361118499,True,True,True
centered_exponential_skew,95,2000,0.25,0.017002338845139256,0.6866944041446729,5.730612655831806e-05,40.388231901459235,0.2281716524566982,0.8692095408827939,0.6885826069074737,0.2281716524566982,0.8692095408827939,0.49763719264492057,0.02564906799355817,0.06397179729052516,0.0671744863782533,True,True,True
centered_exponential_skew,96,2000,0.25,0.005411003260986059,0.4339178236052957,0.00014230641668055166,80.19175052691095,0.19719587438368763,0.762018796167141,0.5283662411585861,0.19719587438368763,0.762018796167141,0.49552577970304135,0.021519041184922708,0.05375716486963102,0.09313059949300662,True,True,True
centered_exponential_skew,97,2000,0.25,0.1773211678282026,1.0201580871777403,5.0275391922562806e-05,5.75316584969776,0.21255573467972236,1.0680635317114737,0.7427528546095657,0.21255573467972236,1.0680635317114737,0.4702205785189037,0.03398088789302278,0.16956671828680042,0.03259198743686453,True,True,False
centered_exponential_skew,98,2000,0.25,0.0027905455233095088,0.5760977961304424,9.051650143023949e-05,206.4462992337092,0.2102223089826437,0.8355885654535231,0.6338681880657895,0.2102223089826437,0.8355885654535231,0.4939586389247809,0.02410826862091885,0.06824243811937415,0.0824857202459986,True,True,True
centered_exponential_skew,99,2000,0.25,0.013715967321370462,0.4128297190383912,7.287065490438959e-05,30.098476422816557,0.20687424400258503,0.7331286427956147,0.47750462489189904,0.20687424400258503,0.7331286427956147,0.5047683226124918,0.020615340256940298,0.04581502212554611,0.09572429483506913,True,True,True
centered_exponential_skew,100,2000,0.25,0.0025510918517611786,0.4631804463952725,0.00013681023343531065,181.561650191274,0.18964033922008383,0.7663446769058929,0.5579641199135266,0.18964033922008383,0.7663446769058929,0.5021604209525495,0.02179582429063152,0.05241948595802466,0.09076564830971307,True,True,True
centered_exponential_skew,101,2000,0.25,0.012327703715944686,0.610245991632859,0.00010768328869898597,49.50200018544939,0.20908093560692131,0.8556485747250561,0.6783612893275228,0.20908093560692131,0.8556485747250561,0.490825123355019,0.025614615147451773,0.08240886221832042,0.07125193821486919,True,True,True
centered_exponential_skew,102,2000,0.25,0.00768097930846287,0.42156903971935117,7.511014043696374e-05,54.88480345922404,0.18365815067608918,0.7581410953057849,0.5076067476472752,0.18365815067608918,0.7581410953057849,0.49984564490813505,0.020823496501162456,0.04595806994906796,0.08574549354991845,True,True,True
centered_exponential_skew,103,2000,0.25,0.031526121175737915,0.7465260063435285,2.328001440323363e-05,23.679602136340357,0.23798132270093,0.9056320099165223,0.6996516106185503,0.23798132270093,0.9056320099165223,0.49207826722852793,0.026867366030424424,0.08646953678217835,0.06687655553916402,True,True,True
centered_exponential_skew,104,2000,0.25,0.019905471992825784,0.6103867912472394,2.3096564191442948e-05,30.664271184688886,0.19386584050904432,0.8837241431217692,0.6913571865095542,0.19386584050904432,0.8837241431217692,0.4843570876358874,0.02536059758839742,0.07974638163048983,0.06456268917539752,True,True,True
centered_exponential_skew,105,2000,0.25,0.0014691672666697047,0.5555591748576355,2.192707301458776e-05,378.1456253902063,0.21687796735055645,0.8266364376531851,0.6181626342092722,0.21687796735055645,0.8266364376531851,0.49226518984582013,0.02445221801129348,0.09574577721232512,0.10506132276865092,True,True,True
centered_exponential_skew,106,2000,0.25,0.04527324224175574,0.7432004306905263,2.679788738685218e-05,16.41588704254693,0.214069644565615,0.9201109977434727,0.7298721138751074,0.214069644565615,0.9201109977434727,0.4880241887791592,0.026775552493896192,0.07155101572548209,0.05595527942528021,True,True,False
centered_exponential_skew,107,2000,0.25,0.005892592067509362,0.4406747043051912,6.90566877303572e-05,74.78452593638514,0.1869971026283998,0.7617044239252881,0.5212959873691065,0.1869971026283998,0.7617044239252881,0.5050197875141259,0.02122350070603777,0.048317927821519724,0.08715013599604089,True,True,True
centered_exponential_skew,108,2000,0.25,0.0003039947360998625,0.522396898474965,2.5758149441066783e-05,1718.4406058378495,0.21190516958962935,0.794858186048445,0.5869176859914783,0.21190516958962935,0.794858186048445,0.5034419962359049,0.022345483721817015,0.047912886459623265,0.08176929416271848,True,True,True
centered_exponential_skew,109,2000,0.25,0.03365034968746851,0.30099206335305634,1.9516937531491007e-05,8.94469347714228,0.16002822697539476,0.6746552340433138,0.39495138681542025,0.16002822697539476,0.6746552340433138,0.5034916702283919,0.018790186231914453,0.04460830907500868,0.09566180345062796,False,False,False
centered_exponential_skew,110,2000,0.25,0.007639753367748936,0.6554618578791018,0.00020500396870500533,85.79620654327937,0.23446989581133187,0.8515701174633942,0.6544972880932024,0.23446989581133187,0.8515701174633942,0.5033057871920241,0.02460484190478018,0.060020418535327136,0.07689323323211668,True,True,True
centered_exponential_skew,111,2000,0.25,0.0646948369786896,0.7877777532619927,0.00013319169792440217,12.176825695093502,0.2247595886608916,0.9680793042705795,0.7037646370079734,0.2247595886608916,0.9680793042705795,0.475782092489099,0.03035865646797265,0.17032121875030934,0.052261061735778186,True,True,False
centered_exponential_skew,112,2000,0.25,0.00016512365398095493,0.48432544409719946,3.563769790872922e-05,2933.107597976609,0.19539200535566204,0.7894841558927151,0.5933074923811679,0.19539200535566204,0.7894841558927151,0.500601743691279,0.022287363451876575,0.05715241374886276,0.08644548769952713,True,True,True
centered_exponential_skew,113,2000,0.25,0.0031832768619877417,0.4479063804381192,0.00010549395874549268,140.7060710887811,0.19276561950408552,0.7720499923026545,0.5468809960563626,0.19276561950408552,0.7720499923026545,0.49532696744847493,0.02190700654837771,0.06733708290784002,0.11404939543117233,True,True,True
centered_exponential_skew,114,2000,0.25,0.0037022029769498608,0.5773452596911214,9.578744087777336e-05,155.94640901260894,0.20395955767019577,0.8366886606578161,0.6459977620555297,0.20395955767019577,0.8366886606578161,0.4987503722485754,0.023890012426644246,0.06605336825975253,0.08177241541221748,True,True,True
centered_exponential_skew,115,2000,0.25,0.006855277843666796,0.42143129464010975,4.9941537151312786e-06,61.47545063099759,0.18797073301313366,0.7468771836929169,0.5234973267398941,0.18797073301313366,0.7468771836929169,0.5032103919084148,0.02117388044278501,0.05621460449622728,0.10401569213700892,True,True,True
centered_exponential_skew,116,2000,0.25,0.03530938700092503,0.7034344834853357,5.9103480211768285e-05,19.922024799436684,0.22120200861250863,0.9114900336923834,0.7023642811915162,0.22120200861250863,0.9114900336923834,0.4835080779344899,0.027555839720779626,0.11554744689437174,0.0614364800886424,True,True,True
centered_exponential_skew,117,2000,0.25,0.017076450376769536,0.5946780577644379,5.548961827471251e-05,34.82445383224526,0.19709339859274366,0.8802727908696106,0.6700730264455914,0.19709339859274366,0.8802727908696106,0.4774251969574899,0.027460415391454048,0.1557710480603763,0.07976870144980094,True,True,True
centered_exponential_skew,118,2000,0.25,0.003123532150191713,0.44648627973171234,1.0437643867680769e-05,142.94275143103886,0.18881606865255232,0.7679493212562725,0.5472585606988355,0.18881606865255232,0.7679493212562725,0.5012450892299717,0.021427980132026403,0.0511933863098967,0.08984674028274689,True,True,True
centered_exponential_skew,119,2000,0.25,0.02577327780555651,0.3409257926005112,4.335975953562581e-05,13.22787870338364,0.1782288121873755,0.7040726564094648,0.41357219454904637,0.1782288121873755,0.7040726564094648,0.5057850795508579,0.01927658619217921,0.04378732615485152,0.09666999745080093,True,False,True
centered_exponential_skew,120,2000,0.25,0.011808312539708142,0.6440793513117762,5.499270190724883e-05,54.54457181294216,0.21685031972829055,0.8557220745149868,0.6817678261004306,0.21685031972829055,0.8557220745149868,0.49649212394511577,0.02476921606132263,0.05657455443912102,0.06666952997785146,True,True,True
centered_exponential_skew,121,2000,0.25,0.004419144167043063,0.5349040690181996,0.0001794903077430252,121.04245727201847,0.19644120364839632,0.832122101280735,0.6535199930746268,0.19644120364839632,0.832122101280735,0.48712191581709086,0.023905398107288495,0.0699550840407223,0.07252711969684224,True,True,True
centered_exponential_skew,122,2000,0.25,0.004967230361577059,0.5788465482143124,6.897516255201117e-05,116.53305888364979,0.2184553357205291,0.8361677291824262,0.6532844849768664,0.2184553357205291,0.8361677291824262,0.4938789400647953,0.02406252249214018,0.06547188042436734,0.07763400668297077,True,True,True
centered_exponential_skew,123,2000,0.25,0.001244393666319968,0.48588372206199854,8.273307665382307e-05,390.45820885515855,0.19670547216713571,0.7898966747586234,0.5622617880839554,0.19670547216713571,0.7898966747586234,0.4998339998533188,0.021912607087957028,0.049026909996898106,0.08353324779206683,True,True,True
centered_exponential_skew,124,2000,0.25,0.007220327282467682,0.603396712393315,5.6848222600429804e-05,83.56916366637232,0.22090075552974794,0.8448247133193827,0.662410202442798,0.22090075552974794,0.8448247133193827,0.49543501083505653,0.024420273870593062,0.06517851268017001,0.07312457252711228,True,True,True
centered_exponential_skew,125,2000,0.25,0.0009001144610312111,0.5406590943251388,3.349104368483114e-05,600.6559362525247,0.22244215857815844,0.8006835962945565,0.5790742613944725,0.22244215857815844,0.8006835962945565,0.5023929970844329,0.02269976237797716,0.049429297199531964,0.08152442584793636,True,True,True
centered_exponential_skew,126,2000,0.25,0.006301307722016313,0.3885105752455453,0.00014165642453266557,61.655547131608486,0.18042466690901326,0.7552814099324587,0.529237649509474,0.18042466690901326,0.7552814099324587,0.48762412600586547,0.021327798578923363,0.06573207021504057,0.1020748847172664,True,True,True
centered_exponential_skew,127,2000,0.25,0.023367438029798248,0.352173647337188,2.752669384546265e-05,15.071127904055839,0.17120092331050069,0.7082902293791313,0.4256696056325679,0.17120092331050069,0.7082902293791313,0.5082839011385231,0.019405659008402673,0.04284576774793976,0.09206200759309614,True,False,True
centered_exponential_skew,128,2000,0.25,0.00019256687659290612,0.4807047837314338,2.509962269734239e-05,2496.3004657735737,0.19657640086762868,0.7989871446436039,0.5872497667621064,0.19657640086762868,0.7989871446436039,0.4894817769354747,0.023343553422616386,0.08221501234716497,0.10307516361069428,True,True,True
centered_exponential_skew,129,2000,0.25,0.0884276204295241,0.8723889602971943,9.734151002407617e-05,9.865570916187655,0.2216866801239972,0.9889050990837579,0.7324109513926986,0.2216866801239972,0.9889050990837579,0.48138727868019165,0.029572864493743366,0.10282957748108161,0.05036173523970285,True,True,False
centered_exponential_skew,130,2000,0.25,0.020965948258639462,0.3538923725659738,5.1533994893665074e-05,16.87938786265701,0.18132815939682373,0.7081769134392594,0.4490938873596162,0.18132815939682373,0.7081769134392594,0.5012471161734308,0.01994662481136383,0.04985551520870243,0.10534099140688186,True,True,True
centered_exponential_skew,131,2000,0.25,0.01835730013884799,0.384927448700056,0.0001413432465102808,20.968630778415335,0.19703595195911203,0.7236555450561175,0.4535606793121781,0.19703595195911203,0.7236555450561175,0.5070809872456502,0.020306267164943995,0.04748529852939787,0.09632071525350147,True,True,True
centered_exponential_skew,132,2000,0.25,0.023470379457878533,0.35398207501433854,2.145427291156052e-05,15.082077204998656,0.18893657606958358,0.7113585077831976,0.4312695258607097,0.18893657606958358,0.7113585077831976,0.5017294194767453,0.01974870058731022,0.04829835454204666,0.10466330964729972,True,True,True
centered_exponential_skew,133,2000,0.25,0.012541436148844304,0.37697147050190644,1.9362554016369505e-05,30.058078359442465,0.17180490573471957,0.7340250584509492,0.48917814846913715,0.17180490573471957,0.7340250584509492,0.49966991481759454,0.020436362265160705,0.05282000921717783,0.09683368185807267,True,True,True
centered_exponential_skew,134,2000,0.25,0.016886140892492577,0.4010252733736203,4.97453183960017e-05,23.748781674083535,0.1835354956867238,0.7253332005863425,0.45521572316591274,0.1835354956867238,0.7253332005863425,0.5110028844674789,0.02015217083064254,0.040714702746795256,0.08794106506814876,True,True,True
centered_exponential_skew,135,2000,0.25,0.004515954084693926,0.4009669153202619,5.411830658440302e-05,88.78897079119392,0.17389193641769754,0.7514407088437287,0.5525343006436537,0.17389193641769754,0.7514407088437287,0.4940278796440875,0.02138997411684501,0.06505069316654714,0.10355002486294561,True,True,True
centered_exponential_skew,136,2000,0.25,0.00016531760602439733,0.5253953349122887,0.00020587448001555626,3178.0966803665888,0.20307503418721037,0.8124393908406413,0.5986160578437132,0.20307503418721037,0.8124393908406413,0.5002027312647693,0.023090333144171117,0.06392534916406903,0.09016633964144599,True,True,True
centered_exponential_skew,137,2000,0.25,0.0004163196960203079,0.510979901898645,1.7808414789941248e-05,1227.3738350196134,0.19038910722068997,0.8085722050201916,0.6160695047173294,0.19038910722068997,0.8085722050201916,0.4962525632562242,0.02301119089795474,0.06235049001518022,0.08339875146862043,True,True,True
centered_exponential_skew,138,2000,0.25,0.03639254695376855,0.6572021712092373,0.00019976865291785554,18.05870229539354,0.18674245360436234,0.9232796692383747,0.6905338149559134,0.18674245360436234,0.9232796692383747,0.4755245900606292,0.02859858900628536,0.16498353744623165,0.06673347386682892,True,True,True
centered_exponential_skew,139,2000,0.25,0.008635742104148806,0.5747842467248008,3.215800939848238e-05,66.55875543674023,0.19575695621274808,0.8559591257515962,0.6602968118784389,0.19575695621274808,0.8559591257515962,0.48527951630782035,0.02524697474767742,0.09586218954267874,0.07843003935716111,True,True,True
centered_exponential_skew,140,2000,0.25,0.001298727484119842,0.5372671657539472,0.00019362265003082852,413.6873765461716,0.2069089498606243,0.7918415175050572,0.5603915276100548,0.2069089498606243,0.7918415175050572,0.5135718111943022,0.022161004466749245,0.04505504797286614,0.08443674051430503,True,True,True
centered_exponential_skew,141,2000,0.25,0.05661293886341731,0.2458589418773904,2.3580194916235206e-05,4.342804786561997,0.14638483887911852,0.6387926563850098,0.2943436525518509,0.14638483887911852,0.6387926563850098,0.5031879657611186,0.01743172514603859,0.04560457458827331,0.12276564033275605,False,False,False
centered_exponential_skew,142,2000,0.25,0.005007214998332644,0.4257723341518782,9.691142600927683e-05,85.0317660203639,0.1894323027740926,0.7565776072116298,0.5346491512310029,0.1894323027740926,0.7565776072116298,0.49692705049107816,0.02124367516868146,0.05311209765185957,0.09482183535668813,True,True,True
centered_exponential_skew,143,2000,0.25,0.025176376949286955,0.6883745321267581,6.564532284258975e-05,27.342080773312155,0.23232896023939653,0.8878462268272361,0.6943791125036385,0.23232896023939653,0.8878462268272361,0.4859745503813473,0.026595774838080916,0.08882106869327622,0.06650903119135958,True,True,True
centered_exponential_skew,144,2000,0.25,0.03427752801580543,0.7211570314911323,0.0002559098207564298,21.03877009913333,0.22395254538439782,0.9231584794168521,0.6888184993121406,0.22395254538439782,0.9231584794168521,0.48253508703844994,0.027773611239626367,0.1084506916178391,0.06552172790084458,True,True,True
centered_exponential_skew,145,2000,0.25,0.0020197984941788035,0.4359325722053863,0.00011859853286210004,215.82973423426822,0.1923874617174497,0.770810594792403,0.561842344217211,0.1923874617174497,0.770810594792403,0.4978643660560426,0.021741670278998104,0.062074496195797677,0.0975744225544397,True,True,True
centered_exponential_skew,146,2000,0.25,0.011186375052178451,0.39989837998648603,0.00013573137588342453,35.74870126570709,0.1884341702456375,0.7320369002868833,0.4953235361860108,0.1884341702456375,0.7320369002868833,0.5031717263582566,0.020551096448065898,0.04823194196764725,0.09724042909071322,True,True,True
centered_exponential_skew,147,2000,0.25,0.01293810874337882,0.6008924200173199,0.0001314068721626137,46.44360562550005,0.19925367155427867,0.8681145998806805,0.6761574326810924,0.19925367155427867,0.8681145998806805,0.49116161949292736,0.02521166461953135,0.08265373442470116,0.07386999055429563,True,True,True
centered_exponential_skew,148,2000,0.25,0.0055199115682775714,0.3971013886676159,4.354230946400935e-05,71.93980986031033,0.1759701199152251,0.7538669797538949,0.5368718395733482,0.1759701199152251,0.7538669797538949,0.49205665170939555,0.02116566114716207,0.05779414800865833,0.09250812678287608,True,True,True
centered_exponential_skew,149,2000,0.25,0.0022390053393515014,0.5172637464735822,0.00015097899299643298,231.02390038221208,0.22019174228775773,0.7858322693473838,0.5531546697488323,0.22019174228775773,0.7858322693473838,0.5101947031845584,0.021951374003119556,0.044907198406456815,0.08465986206434428,True,True,True
centered_exponential_skew,150,2000,0.25,0.0019823606278408256,0.627425578429489,0.00013159460315522394,316.5042574079353,0.23150515587218723,0.8229507008578585,0.6191303770211614,0.23150515587218723,0.8229507008578585,0.5088268769199341,0.023512408985625552,0.04470876456131709,0.0726772848788778,True,True,True
centered_exponential_skew,151,2000,0.25,0.0016732039975832617,0.5455444780284794,0.0001222591513753114,326.04779740931264,0.19717360993542932,0.8203361436189138,0.6350022830342918,0.19717360993542932,0.8203361436189138,0.5004607188685849,0.023518108638832323,0.06209781356642557,0.0797406031089006,True,True,True
centered_exponential_skew,152,2000,0.25,0.002069720728898005,0.40800444307276634,6.546377079590701e-05,197.1301912263317,0.16533860285723245,0.7747098898100604,0.5804848209721652,0.16533860285723245,0.7747098898100604,0.4850231258186915,0.021932873921574544,0.06804142221781849,0.08852449780851174,True,True,True
centered_exponential_skew,153,2000,0.25,0.020001987755932142,0.6460850961465967,0.00012957140273121576,32.301044477691086,0.22106330425331247,0.8909710843085246,0.6731112792970602,0.22106330425331247,0.8909710843085246,0.482470006128636,0.027221484304413332,0.1375874586204506,0.07844994746345872,True,True,True
centered_exponential_skew,154,2000,0.25,0.015793577918724475,0.6025687298360519,0.00019545308957977852,38.15276898856853,0.20914167778194445,0.8749201069584791,0.6735294702023724,0.20914167778194445,0.8749201069584791,0.47709409615763443,0.026283098233765255,0.10356932077807153,0.07072398349625361,True,True,True
centered_exponential_skew,155,2000,0.25,0.0008869754165770585,0.5433602653269614,0.00012130521068695357,612.5990136500648,0.21655003602914075,0.8029845097867351,0.5744317114916537,0.21655003602914075,0.8029845097867351,0.5066848320867668,0.02273671318100129,0.05323973963791935,0.08797173417210985,True,True,True
centered_exponential_skew,156,2000,0.25,4.416725527236276e-05,0.5131146608199209,7.644586942715861e-05,11617.535607674436,0.19400601428438616,0.8009521087070931,0.5971555288567999,0.19400601428438616,0.8009521087070931,0.5013573104337549,0.022601606043374797,0.05516260695305355,0.08494126443425837,True,True,True
centered_exponential_skew,157,2000,0.25,0.003599991916685786,0.4044130096946324,0.00023420434356896948,112.33719937542024,0.19092056494678603,0.7568252378501863,0.5527782219208784,0.19092056494678603,0.7568252378501863,0.49016406606371343,0.021411759777505833,0.062132061770838576,0.09700385584870652,True,True,True
centered_exponential_skew,158,2000,0.25,0.007112925640431039,0.4638567943478646,1.3190128792002546e-05,65.21322136579445,0.20823248073216014,0.7637625252077795,0.5044499196679775,0.20823248073216014,0.7637625252077795,0.5094038305911602,0.020909684990216948,0.03776043249759142,0.07789519846808614,True,True,True
centered_exponential_skew,159,2000,0.25,0.003132019141261698,0.41656182520695456,0.0001624008050277451,133.0010470622946,0.16074588152549074,0.7690392801003796,0.5701741592862316,0.16074588152549074,0.7690392801003796,0.49346054176017345,0.022177398244647175,0.08864802649025703,0.12060801204765721,True,True,True
centered_exponential_skew,160,2000,0.25,0.003477066335569893,0.47152653991493243,0.00014988566394780528,135.61045272311407,0.1941068897947554,0.7708702262813678,0.543637786469234,0.1941068897947554,0.7708702262813678,0.5037138199043377,0.022100567540760906,0.0596848026771096,0.10158405486418506,True,True,True
centered_exponential_skew,161,2000,0.25,0.0005177852447628688,0.4682408072029398,0.0001386046179704603,904.3146979156986,0.20471974234812904,0.7895120760230252,0.5813770800320083,0.20471974234812904,0.7895120760230252,0.48665302988838455,0.023141124936916335,0.0848445512857825,0.10553546691309978,True,True,True
centered_exponential_skew,162,2000,0.25,0.0022757000689860906,0.5739571953256505,9.548450944891251e-05,252.21126595183077,0.2180628302091973,0.8162229302077927,0.6385274731310587,0.2180628302091973,0.8162229302077927,0.4966038578584119,0.024080895775837777,0.06590268465673228,0.08155349676984218,True,True,True
centered_exponential_skew,163,2000,0.25,0.013947972720127736,0.36854873828809315,0.00020497890121539496,26.423104323702603,0.18734292269069353,0.7185790564852478,0.4815862749613447,0.18734292269069353,0.7185790564852478,0.501103120600213,0.020037327301292228,0.04516939532538069,0.09314173082067397,True,True,True
centered_exponential_skew,164,2000,0.25,0.020444994977336973,0.5947587992719463,0.0002486728113339096,29.090679647083757,0.2003189019560697,0.8906869871010386,0.6783824689208284,0.2003189019560697,0.8906869871010386,0.4749546265297343,0.026571623581774458,0.12735547692645527,0.07153094111284328,True,True,True
centered_exponential_skew,165,2000,0.25,0.002628543628590606,0.48113104856617905,0.00021035920408281667,183.04092172293744,0.20016842128998488,0.7796811722905181,0.5475948365179768,0.20016842128998488,0.7796811722905181,0.5063612903415594,0.022050583004844707,0.05637212581621391,0.0958793163365655,True,True,True
centered_exponential_skew,166,2000,0.25,0.004373641227755438,0.44545808532676995,2.1284458243996386e-05,101.85062334328232,0.18848591340605636,0.7607480881944921,0.5372081735050895,0.18848591340605636,0.7607480881944921,0.5043690083621766,0.021405706987884313,0.050881308011524615,0.09193410624884966,True,True,True
centered_exponential_skew,167,2000,0.25,0.0036679284347460113,0.4782725589763412,2.4400032801968593e-05,130.39309994319984,0.21180779777691444,0.7734638492381635,0.5393526173187979,0.21180779777691444,0.7734638492381635,0.5045534747134508,0.021804131184941386,0.05197335942716034,0.09447236547843574,True,True,True
centered_exponential_skew,168,2000,0.25,0.11699031531349714,0.9189080538314631,0.00017974949241503525,7.854565152415218,0.2127342885427716,1.0221135240624823,0.7225962340124251,0.2127342885427716,1.0221135240624823,0.47175314245031136,0.032704771224464566,0.18280581546053892,0.03673132644420186,True,True,False
centered_exponential_skew,169,2000,0.25,0.02419329777219889,0.3438102153579922,5.826351363862263e-05,14.210969442664114,0.18307269165126203,0.7028929006840865,0.42978399010673746,0.18307269165126203,0.7028929006840865,0.5038554178240915,0.019618015080796955,0.047640739827017886,0.10149653263461005,True,False,True
centered_exponential_skew,170,2000,0.25,0.03336037430290146,0.34311007704653773,3.344611315946838e-05,10.28495885361503,0.1853373835157264,0.696942637743155,0.3730886411429983,0.1853373835157264,0.696942637743155,0.5075788742654623,0.018942405823319852,0.035794330232225925,0.08271186603446769,True,False,False
centered_exponential_skew,171,2000,0.25,0.0010282462274085649,0.46925328972678965,7.112617558844692e-05,456.3627633328878,0.18439957685226677,0.7799324698593861,0.5773763800551569,0.18439957685226677,0.7799324698593861,0.5012253062613532,0.021946790890158656,0.05157830676121659,0.08207581070210569,True,True,True
centered_exponential_skew,172,2000,0.25,0.0003732985882703626,0.5370187996078605,0.00010227746127015369,1438.5770974813413,0.20373929495955054,0.8021752203688236,0.6202642688555082,0.20373929495955054,0.8021752203688236,0.5035654832560765,0.022816774038912635,0.050537347725825126,0.07755439651994527,True,True,True
centered_exponential_skew,173,2000,0.25,0.0009730114485976746,0.5582701924882749,8.794122469718225e-05,573.7550090421506,0.2134763383909031,0.8215506422077933,0.6175030219979872,0.2134763383909031,0.8215506422077933,0.4981005735282965,0.023181066669334328,0.05488606174493774,0.07978521054446981,True,True,True
centered_exponential_skew,174,2000,0.25,0.011572944650038105,0.3803907922848224,0.00011939389319683793,32.86897188120311,0.18796288266213387,0.7296444866891736,0.4973585151760826,0.18796288266213387,0.7296444866891736,0.4982198695121857,0.02062694811159271,0.0520432053466305,0.09517329158429857,True,True,True
centered_exponential_skew,175,2000,0.25,0.018892874274855993,0.3492713541068834,5.489833775444961e-05,18.486935816416196,0.16197202128092547,0.7034881346157389,0.4672953276344915,0.16197202128092547,0.7034881346157389,0.5060161633544569,0.019845542137396425,0.05566077704661011,0.11821726305517986,True,True,True
centered_exponential_skew,176,2000,0.25,0.004830250151199349,0.43588356441813564,3.7412889219245045e-05,90.24037074144202,0.18474570497536189,0.7617891558668118,0.5336681630928898,0.18474570497536189,0.7617891558668118,0.5009052374489307,0.02131175563646968,0.05384906019190431,0.09529842880826146,True,True,True
centered_exponential_skew,177,2000,0.25,0.03641344912248599,0.7005780324185487,0.00014322704968583862,19.239540590125767,0.22010858347859727,0.9250720359362302,0.6908243723945309,0.22010858347859727,0.9250720359362302,0.4789367213208681,0.028159717225096397,0.13347216449263014,0.06264085489227358,True,True,True
centered_exponential_skew,178,2000,0.25,0.02001075522704928,0.33337747623825575,1.8244987139445916e-05,16.659914753622946,0.16572378281762695,0.7034533603314869,0.4703717896177693,0.16572378281762695,0.7034533603314869,0.4953732891776325,0.020247184694833553,0.07354471476659438,0.14984192871558694,True,True,True
centered_exponential_skew,179,2000,0.25,0.01941850412843999,0.3904002872559711,9.909251001243427e-05,20.10455000414774,0.19389562828897472,0.7174515366132911,0.4466663628237395,0.19389562828897472,0.7174515366132911,0.5127387879033771,0.020228151800379394,0.04576241799165039,0.09921998608824589,True,True,True
centered_exponential_skew,180,2000,0.25,0.0008498574721250665,0.5345021825966146,8.886885389555735e-06,628.931556323313,0.20610349864606972,0.8078541108380424,0.6266512587799687,0.20610349864606972,0.8078541108380424,0.49557674954644615,0.023583451807268462,0.06663708064542512,0.08418546678914493,True,True,True
centered_exponential_skew,181,2000,0.25,0.03382063910247729,0.3349047690493828,0.0002231723770093923,9.902378486539355,0.1911139191006943,0.6806251173240218,0.3826299037508594,0.1911139191006943,0.6806251173240218,0.5153935356944023,0.019116711310588036,0.0431570148412693,0.10151981968435553,True,False,False
centered_exponential_skew,182,2000,0.25,0.0003851715966011702,0.5280589213239961,5.910105474070833e-05,1370.9705647656572,0.2099122315015956,0.7914715625600423,0.5837058986442715,0.2099122315015956,0.7914715625600423,0.5034973371499063,0.022562336115997242,0.05118546867245739,0.08683770059889309,True,True,True
centered_exponential_skew,183,2000,0.25,0.00014913297880337695,0.48791497629828956,7.805658146821127e-05,3271.6772655736777,0.19321857060189235,0.8030014713829451,0.608930158406797,0.19321857060189235,0.8030014713829451,0.4899244383840223,0.02368266249042726,0.09075106273467415,0.10273440870755693,True,True,True
centered_exponential_skew,184,2000,0.25,0.15764237106276993,1.0285941259114184,7.77282972651416e-05,6.524858253380708,0.2563367868699879,1.0326715665099855,0.7636734404696882,0.2563367868699879,1.0326715665099855,0.4806516452087898,0.03164475636998464,0.10500982410036874,0.04044924041400423,True,False,False
centered_exponential_skew,185,2000,0.25,0.031400906645923404,0.7158916918326553,4.581136861153974e-05,22.798440182159368,0.220814709412682,0.9041352064535002,0.7041552112859888,0.220814709412682,0.9041352064535002,0.4895312251437971,0.026824731851826274,0.08619075486927198,0.06521732711707809,True,True,True
centered_exponential_skew,186,2000,0.25,0.002554560252232604,0.6218371222153958,0.00013451480557235087,243.42237442703885,0.24069170276311527,0.824472003840789,0.6127538612007537,0.24069170276311527,0.824472003840789,0.5067076028262398,0.023536254707300894,0.04468403469048478,0.07294656963810364,True,True,True
centered_exponential_skew,187,2000,0.25,0.029568085940157286,0.3361110621529302,2.5952376259169236e-05,11.367359484586991,0.17238540593320423,0.6994584425891237,0.3968156197695644,0.17238540593320423,0.6994584425891237,0.507279837295291,0.019140074550759646,0.04362278199358399,0.10032635994836725,True,False,False
centered_exponential_skew,188,2000,0.25,0.01339368944845522,0.4262935785712684,8.463660283763432e-05,31.82794257040472,0.20705725053312743,0.7435505905085436,0.4689302211058903,0.20705725053312743,0.7435505905085436,0.5074933124924758,0.020463570189063966,0.04250674168867798,0.09431294197024068,True,True,True
centered_exponential_skew,189,2000,0.25,0.0054927851647894885,0.5823798170651714,3.4912642655221845e-05,106.02632354864568,0.20461335128082864,0.8354750415471734,0.6614031338993788,0.20461335128082864,0.8354750415471734,0.49803972072168523,0.02410055938228046,0.059677296132099704,0.07175803028710076,True,True,True
centered_exponential_skew,190,2000,0.25,0.06825097944751164,0.8441302868117284,4.519808126780673e-05,12.36803183844279,0.24487286688019294,0.9406778922288406,0.7471544100267454,0.24487286688019294,0.9406778922288406,0.49134541023906314,0.028094978068853343,0.07656083480846283,0.05211680020405646,True,True,False
centered_exponential_skew,191,2000,0.25,0.010824713585615738,0.40176893169691213,8.581293192961753e-05,37.1158948935884,0.1752916215599871,0.738510904878045,0.49744563566774075,0.1752916215599871,0.738510904878045,0.5037431151368226,0.020736815560979147,0.0512325806003717,0.09827131097516961,True,True,True
centered_exponential_skew,192,2000,0.25,0.014867719622079226,0.33361911946890993,0.0001149830829703454,22.43915865708623,0.15707911565832877,0.709181953315324,0.5018186306050262,0.15707911565832877,0.709181953315324,0.4925895848242471,0.020251492944675147,0.06096196301830588,0.10403503678870124,False,True,True
centered_exponential_skew,193,2000,0.25,0.023594368298208847,0.6993005332680734,0.00011317921419709667,29.638451194353884,0.22982622609625514,0.8834443551255509,0.6984937785813307,0.22982622609625514,0.8834443551255509,0.4956995784963384,0.026316292893636403,0.07545430381999142,0.06526417175567062,True,True,True
centered_exponential_skew,194,2000,0.25,0.0043128111044092405,0.5592395211759827,7.941991494276097e-05,129.66937517950632,0.19504460913692206,0.8322574275071923,0.6547238329791235,0.19504460913692206,0.8322574275071923,0.4958090269414497,0.023771962327723013,0.06275438032382148,0.07583009880008691,True,True,True
centered_exponential_skew,195,2000,0.25,0.0019642140846765407,0.5339898080670017,4.748732052471992e-05,271.8592704496043,0.19306331385061495,0.8180836514037575,0.6396364476054244,0.19306331385061495,0.8180836514037575,0.4949056625805096,0.02336922874822857,0.06264038167197691,0.07947766786792045,True,True,True
centered_exponential_skew,196,2000,0.25,0.00439234521984683,0.41855134972917435,4.162787552673033e-05,95.2910868294114,0.1692980077491389,0.7634134124557543,0.5459819350842744,0.1692980077491389,0.7634134124557543,0.49750412209028905,0.021483540503431438,0.0658240441085638,0.10726165444447217,True,True,True
centered_exponential_skew,197,2000,0.25,0.016320647370640165,0.39749266827384366,0.00017639611671073103,24.355202293562716,0.18947824030294239,0.7220055721369933,0.45944798034324186,0.18947824030294239,0.7220055721369933,0.5100435504407002,0.020111886584462193,0.04030285604944312,0.08813609162273496,True,True,True
centered_exponential_skew,198,2000,0.25,0.0009852072744489695,0.5620003624122719,0.00013303724198755396,570.4387056283167,0.21860536121221671,0.8195438357457416,0.6152193600115496,0.21860536121221671,0.8195438357457416,0.5004672609085022,0.023396432135939907,0.059169600332278624,0.08391193630771918,True,True,True
centered_exponential_skew,199,2000,0.25,0.006051801541557779,0.5882975595686567,0.000150096880351153,97.21031919649243,0.19589378646773034,0.8426971625550614,0.6609221953238037,0.19589378646773034,0.8426971625550614,0.49706155456305634,0.02407849522186412,0.056811567404978586,0.06973416188147046,True,True,True
uniform_platykurtic,0,2000,0.25,0.003598055864639739,0.0035980558646396773,9.882416894473284e-05,0.9999999999999829,0.18536026048643453,0.7554734918011625,0.5598140622321608,0.18536026048643453,0.7554734918011627,0.8851437514224378,0.022430601180453834,0.02083793907212619,0.023232895649171737,True,False,True
uniform_platykurtic,1,2000,0.25,0.00010216188305854996,0.00010216188305856586,6.41146616226445e-05,1.0000000000001557,0.19876372784510532,0.8053835388627891,0.6085370975243404,0.19876372784510532,0.8053835388627893,0.9621816344424655,0.023103372203050972,0.02115675207557841,0.023720297249328552,True,True,True
uniform_platykurtic,2,2000,0.25,0.0007963377779549882,0.0007963377779549903,5.379257732470054e-05,1.0000000000000027,0.1740125290780183,0.7884541978890796,0.5981557546782932,0.1740125290780183,0.7884541978890799,0.9457672901601629,0.022738062066202516,0.020684141059234377,0.023540656151130355,True,True,True
uniform_platykurtic,3,2000,0.25,0.0023783140463690825,0.0023783140463690543,7.881896386559029e-05,0.9999999999999881,0.22492181970601868,0.767707228711053,0.5720537372814589,0.22492181970601868,0.767707228711053,0.9044963769104954,0.022829930261005348,0.020870739070107162,0.02356117167692795,True,True,True
uniform_platykurtic,4,2000,0.25,8.5709022755706e-05,8.57090227557356e-05,0.0002766369799645644,1.0000000000003453,0.19655740736674085,0.7995547688013304,0.5915936612410571,0.19655740736674085,0.7995547688013303,0.9353917094199049,0.023339019506357122,0.02101085355928502,0.023662450117837484,True,True,True
uniform_platykurtic,5,2000,0.25,0.0006902678450310892,0.0006902678450310822,0.00015044474903850823,0.9999999999999898,0.22597383782692856,0.8040256975056855,0.5993372449187062,0.22597383782692856,0.8040256975056856,0.9476353902566458,0.023437064824883624,0.021029824380693018,0.023925311182677524,True,True,True
uniform_platykurtic,6,2000,0.25,0.0007917237542285434,0.0007917237542285596,3.776936806849366e-05,1.0000000000000207,0.21839998848997816,0.8065810869828718,0.619940086691238,0.21839998848997816,0.8065810869828719,0.9802113433932762,0.023202243947446972,0.020845028113419324,0.023545007108758943,True,True,True
uniform_platykurtic,7,2000,0.25,0.0030447748451647057,0.003044774845164636,3.6415590225600216e-05,0.999999999999977,0.15596918054828535,0.7761140107625205,0.5732636784688997,0.15596918054828535,0.7761140107625206,0.9064094619040779,0.02260188044042594,0.020356556085635004,0.02352403623914973,True,True,True
uniform_platykurtic,8,2000,0.25,0.0017823746207105602,0.0017823746207104958,7.906966311422507e-05,0.9999999999999639,0.1885206340764263,0.7695785350110015,0.5711611949127053,0.1885206340764263,0.7695785350110018,0.9030851435137646,0.022479209374942192,0.021155340243277924,0.02336362314147469,True,True,True
uniform_platykurtic,9,2000,0.25,0.0016334039582902066,0.0016334039582901825,0.00014714127766308238,0.9999999999999852,0.1933488581852678,0.8291979208545767,0.626423386967924,0.1933488581852678,0.8291979208545766,0.9904623412078388,0.023586960355743522,0.021217866660109188,0.02401418712999601,True,True,True
uniform_platykurtic,10,2000,0.25,0.001584024103168896,0.0015840241031688624,5.61769622816542e-05,0.9999999999999788,0.23179066554239638,0.8101439081667363,0.620996283479442,0.23179066554239638,0.8101439081667361,0.9818813371473143,0.023172638504461815,0.02069696387377504,0.023785803198482013,True,True,True
uniform_platykurtic,11,2000,0.25,0.0013112499679585117,0.0013112499679585055,0.0002223748345617315,0.9999999999999952,0.18345874667212422,0.7718755676336265,0.5834507008579648,0.18345874667212422,0.7718755676336265,0.922516558566364,0.02271425659623692,0.021067702492774256,0.023277342547494227,True,True,True
uniform_platykurtic,12,2000,0.25,0.0019870207171771566,0.0019870207171771275,0.000129324331002427,0.9999999999999853,0.23972032866587167,0.8098039053194495,0.6161271032233087,0.23972032866587167,0.8098039053194493,0.9741824871736626,0.023176431122239903,0.021084779541120518,0.0234461094586731,True,True,True
uniform_platykurtic,13,2000,0.25,0.0024589704547171884,0.002458970454717273,9.313168720196215e-05,1.0000000000000344,0.23000149754258942,0.818054467308847,0.6332243940030209,0.23000149754258942,0.8180544673088473,1.0012156775147085,0.023606986335085494,0.021268195910298233,0.023416142982374953,True,True,True
uniform_platykurtic,14,2000,0.25,0.000262965933891277,0.00026296593389127674,3.618061890152353e-05,0.999999999999999,0.18529616365462473,0.7964776167054264,0.5937308729234673,0.18529616365462473,0.7964776167054266,0.9387709377990764,0.022695914598876342,0.02058797261045879,0.023764728479184472,True,True,True
uniform_platykurtic,15,2000,0.25,0.0032019513417058157,0.003201951341705966,8.417172205075022e-05,1.0000000000000469,0.1839505570755156,0.7693837979456434,0.5532616641888053,0.1839505570755156,0.7693837979456433,0.8747835004459172,0.022524215858751532,0.02062632971851236,0.023449835828590736,True,True,False
uniform_platykurtic,16,2000,0.25,0.0002451211222155452,0.00024512112221553516,3.302362037879734e-05,0.999999999999959,0.20199004874652968,0.7878728498936841,0.5899187656824928,0.20199004874652968,0.7878728498936844,0.9327434670159265,0.02282824595585694,0.021022260245702237,0.023736254695819706,True,True,True
uniform_platykurtic,17,2000,0.25,0.0017973978145171094,0.0017973978145171172,3.048075688503013e-05,1.0000000000000044,0.23723371731173412,0.8178958510393285,0.6051135502491589,0.23723371731173412,0.8178958510393287,0.9567685309090482,0.023102915690828302,0.02080378331913347,0.023622624043706495,True,True,True
uniform_platykurtic,18,2000,0.25,0.0002876985959765429,0.00028769859597654944,0.00010346479323178945,1.0000000000000229,0.19579118752422675,0.7855583348604515,0.5920981220753342,0.19579118752422675,0.7855583348604517,0.9361893320332391,0.023011748930314057,0.021328807387791335,0.02336692876198573,True,True,True
uniform_platykurtic,19,2000,0.25,0.0008191226281399629,0.0008191226281399472,0.0001642278275681115,0.9999999999999808,0.19011252723314076,0.7881151697237171,0.5754983647018728,0.19011252723314076,0.7881151697237174,0.909942811080084,0.0229258557524503,0.020867320557397546,0.02419360004127789,True,True,True
uniform_platykurtic,20,2000,0.25,0.00039322588689551875,0.0003932258868955124,6.473103638991548e-05,0.9999999999999839,0.2187682232983564,0.7943861959986351,0.6027946404119455,0.2187682232983564,0.7943861959986354,0.9531020125219632,0.023293485659119623,0.02146762597828748,0.02322245072031415,True,True,True
uniform_platykurtic,21,2000,0.25,0.001218754532693536,0.0012187545326935332,0.00018343692150758311,0.9999999999999977,0.18508303514194763,0.7731576438257312,0.5825485597685072,0.18508303514194763,0.7731576438257314,0.9210901482596073,0.022604931703977867,0.020750982585633612,0.023066930892231663,True,True,True
uniform_platykurtic,22,2000,0.25,0.0032358416365617522,0.0032358416365616217,0.00013685879009423207,0.9999999999999597,0.15987830175895393,0.7728819686707319,0.5671286073107061,0.15987830175895393,0.7728819686707321,0.8967090626705294,0.022440564495546485,0.02132279506214327,0.023027484250621535,True,True,True
uniform_platykurtic,23,2000,0.25,0.004898059139359722,0.004898059139359755,4.055252965538622e-05,1.0000000000000067,0.14890770659882835,0.764019016734595,0.5628688924812492,0.14890770659882835,0.7640190167345952,0.8899738621485855,0.0223911639665928,0.021430062403131587,0.022731835626076318,False,True,True
uniform_platykurtic,24,2000,0.25,0.0010061709041058842,0.0010061709041059054,6.75502037162502e-05,1.000000000000021,0.19492088335230526,0.8214565372021178,0.6218875614455681,0.19492088335230526,0.821456537202118,0.9832905713479559,0.023481400515216667,0.020800780307008875,0.02343419497084496,True,True,True
uniform_platykurtic,25,2000,0.25,0.0006724325647104666,0.0006724325647104578,0.00010133464496654842,0.9999999999999869,0.21870805894773204,0.7884518105358,0.5859885420517432,0.21870805894773204,0.7884518105358006,0.9265292378224331,0.022805232709384678,0.021147304845881107,0.023259180083342646,True,True,True
uniform_platykurtic,26,2000,0.25,0.0010576677432131418,0.001057667743213144,9.592371302740838e-06,1.000000000000002,0.16851369893931717,0.7991952688252888,0.5904425256679394,0.16851369893931717,0.7991952688252889,0.9335716042665606,0.022685451848694433,0.021109650484864153,0.023324157942664975,True,True,True
uniform_platykurtic,27,2000,0.25,0.000250779037691705,0.00025077903769168605,6.108128026825607e-05,0.9999999999999245,0.19408732388681138,0.8145542532871617,0.6036809306289446,0.19408732388681138,0.8145542532871617,0.9545033603987813,0.02289813048808242,0.021165747530893744,0.023454322679134564,True,True,True
uniform_platykurtic,28,2000,0.25,8.609021797536994e-05,8.609021797536162e-05,4.716535320646034e-05,0.9999999999999033,0.20377848593919265,0.8073669197084484,0.6040672605064328,0.20377848593919265,0.8073669197084486,0.9551142015693012,0.023074622390179236,0.020488911668905964,0.023775599699062632,True,True,True
uniform_platykurtic,29,2000,0.25,0.002333040948366707,0.002333040948366704,7.795337452072675e-05,0.9999999999999987,0.18899902422882736,0.7732885158605912,0.5597887501772612,0.18899902422882736,0.7732885158605918,0.8851037295495653,0.022667284702146993,0.020902140969600566,0.023313450208131893,True,True,True
uniform_platykurtic,30,2000,0.25,0.0015007471717539006,0.0015007471717540842,6.233149500719284e-05,1.0000000000001223,0.20973319023242584,0.8235586912048487,0.6280736107828888,0.20973319023242584,0.823558691204849,0.9930715741600145,0.023519268887894833,0.020996152080953265,0.023400637601737773,True,True,True
uniform_platykurtic,31,2000,0.25,0.0007765068201194749,0.0007765068201194466,0.0001751891248623548,0.9999999999999636,0.18171078116470527,0.798001619337481,0.57882823264091,0.18171078116470527,0.7980016193374814,0.915207794577549,0.02292523147592299,0.020974077105975455,0.0236471235909629,True,True,True
uniform_platykurtic,32,2000,0.25,0.0010606017294642674,0.0010606017294644248,0.0001099690016208298,1.0000000000001483,0.21136073694558197,0.8164357818719085,0.624703102428772,0.21136073694558197,0.8164357818719088,0.9877423325241972,0.02372167716872756,0.020853019451807175,0.024207360523157872,True,True,True
uniform_platykurtic,33,2000,0.25,0.000626642291288176,0.0006266422912881762,0.00020332699550092997,1.0000000000000002,0.20836173965299945,0.7894839573930487,0.5786568159467108,0.20836173965299945,0.7894839573930487,0.9149367609862248,0.02286163435389612,0.020611398423420597,0.02342442520551139,True,True,True
uniform_platykurtic,34,2000,0.25,0.00026676348327954225,0.0002667634832795394,0.00011524697358087404,0.9999999999999892,0.21347586779838898,0.7930395086347787,0.6060183131673105,0.21347586779838898,0.7930395086347788,0.9581990866909554,0.023138943590390693,0.02132321876319514,0.023079174693067202,True,True,True
uniform_platykurtic,35,2000,0.25,0.0059069952054564695,0.005906995205456064,4.472711244462734e-05,0.9999999999999313,0.2403202312414211,0.8373289881628545,0.6495356289434122,0.2403202312414211,0.8373289881628545,1.0270060044455795,0.0237739644092904,0.020839249704644115,0.023888491899293807,True,True,False
uniform_platykurtic,36,2000,0.25,0.00013524340327156141,0.00013524340327156708,0.00016585112086400943,1.000000000000042,0.18907288561978697,0.7960693613255564,0.6005673510366065,0.18907288561978697,0.7960693613255562,0.9495803588047808,0.02291639860553142,0.02152280241817193,0.0234697621856028,True,True,True
uniform_platykurtic,37,2000,0.25,0.0024171983335818,0.002417198333581803,4.2749745013338267e-05,1.0000000000000013,0.15862269638345836,0.7802324058994363,0.5782763413931085,0.15862269638345836,0.7802324058994363,0.9143351778956657,0.022312196150283754,0.02047088281579514,0.02344772646855404,True,True,True
uniform_platykurtic,38,2000,0.25,0.0002770667761189812,0.00027706677611896984,7.9151480151756e-05,0.9999999999999589,0.21385013205440154,0.8063795028751287,0.6061792988398834,0.21385013205440154,0.8063795028751293,0.9584536273889463,0.0233815756048714,0.0208446044085316,0.024127830474719066,True,True,True
uniform_platykurtic,39,2000,0.25,0.001144571992398999,0.001144571992399004,4.715980454282317e-05,1.0000000000000044,0.2313930328019411,0.8037598112056241,0.6112791694215223,0.2313930328019411,0.8037598112056243,0.9665172307939819,0.02313302200282955,0.0207873411939431,0.023718852098867732,True,True,True
uniform_platykurtic,40,2000,0.25,0.003020180156235605,0.0030201801562354394,5.475538569833021e-05,0.9999999999999452,0.2114772365707178,0.8250226647224533,0.645709949018363,0.2114772365707178,0.8250226647224533,1.0209570733646138,0.023585793561683537,0.021122746057846378,0.02323445393754768,True,True,False
uniform_platykurtic,41,2000,0.25,0.0013014802486641024,0.0013014802486641074,0.000196371132753154,1.0000000000000038,0.20622634874361934,0.8256444099326293,0.6234718697293792,0.20622634874361934,0.8256444099326293,0.9857955826943136,0.023697124284571925,0.020863244396990614,0.02384884428417465,True,True,True
uniform_platykurtic,42,2000,0.25,0.0005061197237827729,0.0005061197237828317,2.7880568709174447e-05,1.0000000000001161,0.18939954840158402,0.7895129613453171,0.5830999629259302,0.18939954840158402,0.7895129613453172,0.9219619932028373,0.022952545378346362,0.021200936912706525,0.023252744972079183,True,True,True
uniform_platykurtic,43,2000,0.25,0.0005686720610825967,0.0005686720610825996,3.24707300357407e-05,1.000000000000005,0.21065300222354014,0.8203556782615136,0.605837910170977,0.21065300222354014,0.8203556782615136,0.9579138445083908,0.023033779809030982,0.02072609417752704,0.023930315036043582,True,True,True
uniform_platykurtic,44,2000,0.25,0.0028689628598369678,0.0028689628598368468,7.055827514211199e-05,0.9999999999999578,0.16121276092881615,0.7709147597552661,0.5730555778622599,0.16121276092881615,0.7709147597552664,0.9060804259543572,0.022271869156360362,0.02128174066351175,0.02308758128450919,True,True,True
uniform_platykurtic,45,2000,0.25,0.0017759880767041745,0.0017759880767041888,0.00014742455796842792,1.000000000000008,0.1689591567714423,0.7791996577325977,0.5777979127151323,0.1689591567714423,0.779199657732598,0.9135787157354905,0.02270642979297986,0.02159458562044992,0.022913490512472077,True,True,True
uniform_platykurtic,46,2000,0.25,0.0007823789988384322,0.0007823789988384807,8.89873464425145e-05,1.000000000000062,0.1912490542048947,0.8128729037837942,0.6230732379658366,0.1912490542048947,0.8128729037837944,0.9851652905340724,0.023323997674678215,0.02096680670296405,0.02359182163238211,True,True,True
uniform_platykurtic,47,2000,0.25,3.401040128819868e-05,3.401040128820222e-05,4.6186427904496065e-05,1.000000000000104,0.19721194221922114,0.7948910109500871,0.599446869578967,0.19721194221922114,0.7948910109500871,0.9478087220637162,0.023244841311743092,0.021547962941226757,0.023085960007736328,True,True,True
uniform_platykurtic,48,2000,0.25,0.005591204011803677,0.0055912040118038745,4.146372660833605e-06,1.0000000000000353,0.22424143475093672,0.8475929694451789,0.6487564837171558,0.22424143475093672,0.8475929694451794,1.0257740676740792,0.023715782752183612,0.020963153003919283,0.023725680685101266,True,False,False
uniform_platykurtic,49,2000,0.25,0.0008985479850861973,0.0008985479850861857,3.81717770906125e-05,0.9999999999999871,0.21052260318042912,0.822875350483647,0.6158420038549585,0.21052260318042912,0.8228753504836469,0.9737317054919324,0.023279002655282193,0.02133219329723933,0.023574875208713805,True,True,True
uniform_platykurtic,50,2000,0.25,0.0017130429905745843,0.0017130429905746361,2.9593850507961486e-05,1.0000000000000302,0.1780916416480517,0.7721911496901571,0.5766242071941061,0.1780916416480517,0.7721911496901571,0.9117229243611111,0.0225324069704241,0.020614785036996174,0.023770165933855114,True,True,True
uniform_platykurtic,51,2000,0.25,0.00024237646145552655,0.00024237646145554526,0.0001237508350570379,1.0000000000000773,0.2018134769622838,0.812383191051408,0.6091075212721688,0.2018134769622838,0.8123831910514083,0.9630835535797592,0.023359133576255405,0.020846786103571085,0.0235685795813695,True,True,True
uniform_platykurtic,52,2000,0.25,0.0006293433058105491,0.0006293433058105693,1.8106366529560032e-06,1.0000000000000322,0.21415476500384673,0.8118782872595954,0.6161403694221099,0.21415476500384673,0.8118782872595959,0.9742034628757162,0.023470726695109387,0.021314580314256863,0.02310056320093108,True,True,True
uniform_platykurtic,53,2000,0.25,0.00018509847338009944,0.00018509847338010624,0.00012880858851178597,1.0000000000000369,0.21217396261634916,0.7960934489358239,0.6041948229940817,0.21217396261634916,0.7960934489358239,0.955315895571788,0.02325790004250281,0.02125462563564361,0.022972898160445523,True,True,True
uniform_platykurtic,54,2000,0.25,0.0022755496787976687,0.002275549678797744,6.563392356439929e-05,1.000000000000033,0.16847508698149533,0.7786808118709163,0.5691907045421382,0.16847508698149533,0.7786808118709164,0.8999695246745504,0.022702346735814886,0.021199588375583545,0.023621016693925884,True,True,True
uniform_platykurtic,55,2000,0.25,0.0011283289746833105,0.0011283289746832513,2.1083141070219143e-05,0.9999999999999475,0.20791270369999337,0.7827266908707972,0.5716562542344014,0.20791270369999337,0.7827266908707973,0.9038679010304933,0.022799487569079607,0.020529310872056596,0.02376693408697456,True,True,True
uniform_platykurtic,56,2000,0.25,0.003099164071675836,0.003099164071676019,0.00010235753431112851,1.000000000000059,0.2338659545684864,0.8349093196152466,0.6242588672508125,0.2338659545684864,0.8349093196152471,0.9870399350346366,0.023506971457819364,0.021380586719745256,0.02369749251722093,True,True,True
uniform_platykurtic,57,2000,0.25,0.0014569766568115288,0.0014569766568115223,5.483626667813492e-05,0.9999999999999956,0.23774079902083745,0.8035830246417437,0.6027570798508741,0.23774079902083745,0.803583024641744,0.9530426240603741,0.023474394167668482,0.021034555914310277,0.023492453692049248,True,True,True
uniform_platykurtic,58,2000,0.25,0.000531244217791611,0.0005312442177915688,0.00017432300582179098,0.9999999999999206,0.21630943018189586,0.7997509014952559,0.5838021759044099,0.21630943018189586,0.7997509014952564,0.9230722894101049,0.02273613752188627,0.020874343945478997,0.023477138564584173,True,True,True
uniform_platykurtic,59,2000,0.25,0.0003522573531073675,0.0003522573531073867,6.054400814215105e-05,1.0000000000000546,0.18993405616840467,0.812046128438874,0.6100808594251467,0.18993405616840467,0.8120461284388742,0.9646225363282347,0.023129824238965806,0.02071842262377232,0.023496941638806373,True,True,True
uniform_platykurtic,60,2000,0.25,0.0024907630271231644,0.002490763027123154,0.00010919680018945135,0.9999999999999958,0.181913896346677,0.7709755102681083,0.5619649418029594,0.181913896346677,0.7709755102681085,0.8885445906306614,0.02263334978088282,0.020685283938405546,0.02352906132742935,True,True,True
uniform_platykurtic,61,2000,0.25,0.00014072458452656585,0.000140724584526524,1.4506637762669334e-06,0.9999999999997026,0.2068221407863872,0.8059116728136698,0.6074551313779626,0.2068221407863872,0.8059116728136699,0.9604708957555856,0.02332014143975684,0.021244808787374017,0.023335281133408277,True,True,True
uniform_platykurtic,62,2000,0.25,0.0003579200956872502,0.00035792009568719294,8.326709815844169e-05,0.99999999999984,0.2068698534742982,0.7897355532117545,0.585379967437905,0.2068698534742982,0.7897355532117546,0.9255669968694934,0.022858202081759538,0.020584337944395948,0.02359429747644512,True,True,True
uniform_platykurtic,63,2000,0.25,0.0072526474489206195,0.007252647448920615,2.8181813839256498e-05,0.9999999999999994,0.1534219192751186,0.7430347145589902,0.5514727614525057,0.1534219192751186,0.7430347145589904,0.8719549968663125,0.022610379874865763,0.021086042410245386,0.02318466128638013,False,False,False
uniform_platykurtic,64,2000,0.25,0.0003851327793814764,0.00038513277938146675,7.046941494591243e-05,0.9999999999999749,0.21865700185748602,0.7949079291444423,0.601948810108103,0.21865700185748602,0.7949079291444424,0.9517646373848947,0.023438710080114465,0.020828958552677874,0.0238057377970741,True,True,True
uniform_platykurtic,65,2000,0.25,0.002521940151132239,0.0025219401511321483,0.00020399359506338656,0.999999999999964,0.19936936828259513,0.8393815412977073,0.6299083799612215,0.19936936828259513,0.8393815412977074,0.995972598952111,0.02334496161248633,0.020461889194901106,0.02386997845476471,True,True,True
uniform_platykurtic,66,2000,0.25,0.0013984355548816393,0.00139843555488161,7.10742337799455e-05,0.999999999999979,0.16496722116483709,0.7942662190994649,0.5859438085794093,0.16496722116483709,0.7942662190994648,0.9264585079923245,0.02247923659021303,0.0212591077967897,0.02323173454516188,True,True,True
uniform_platykurtic,67,2000,0.25,0.0013996220682275457,0.0013996220682275051,0.0002477088051854253,0.999999999999971,0.1726908156497063,0.7799700514980898,0.5808582030315619,0.1726908156497063,0.77997005149809,0.918417459586131,0.02243890888782592,0.02128945188139766,0.02338942198657992,True,True,True
uniform_platykurtic,68,2000,0.25,0.0023147728954031723,0.002314772895403099,0.00017017656808309886,0.9999999999999684,0.16969077073564773,0.7691017219080668,0.575618449322217,0.16969077073564773,0.7691017219080669,0.9101326815362086,0.022367634066365244,0.02128710584148814,0.02264937790765299,True,True,True
uniform_platykurtic,69,2000,0.25,0.00019555905298252228,0.00019555905298252035,9.68423453260785e-05,0.9999999999999901,0.21326642031636187,0.8039127352639969,0.6019051276055238,0.21326642031636187,0.8039127352639966,0.9516955692838748,0.02305648198656874,0.020350798041520003,0.023976777181197124,True,True,True
uniform_platykurtic,70,2000,0.25,0.0006960285443075094,0.00069602854430758,6.901174429725548e-05,1.0000000000001015,0.20141512375085918,0.7904713344213095,0.5749468981131978,0.20141512375085918,0.7904713344213098,0.909070865843233,0.022676292598771845,0.020809395380166153,0.023480752048592173,True,True,True
uniform_platykurtic,71,2000,0.25,0.0005026820059397142,0.0005026820059396606,3.094425788613166e-05,0.9999999999998934,0.2101572734743332,0.8119113700545616,0.6157084930985893,0.2101572734743332,0.8119113700545616,0.9735206064508007,0.023344981591924774,0.020903083073533207,0.023814450089870327,True,True,True
uniform_platykurtic,72,2000,0.25,0.0012694921684246847,0.001269492168424633,5.518640936254593e-05,0.9999999999999594,0.18817464811415496,0.7790800164173018,0.5732091600240626,0.18817464811415496,0.7790800164173018,0.9063232606739894,0.022961233806915,0.021322248290289048,0.023558500693325473,True,True,True
uniform_platykurtic,73,2000,0.25,0.00034033478953027473,0.00034033478953028113,0.0002513258887230487,1.0000000000000189,0.19161748959903832,0.785026314764291,0.5922407261966253,0.19161748959903832,0.7850263147642912,0.9364148089467424,0.022636995424030762,0.021491732648001347,0.02326347343184514,True,True,True
uniform_platykurtic,74,2000,0.25,0.00015154166678020678,0.00015154166678020358,0.00015751238002142956,0.9999999999999789,0.1909292223436903,0.8078777638043575,0.6018432972957872,0.1909292223436903,0.8078777638043575,0.9515978069802711,0.02333822355110495,0.020964065555271978,0.023963787049618417,True,True,True
uniform_platykurtic,75,2000,0.25,0.00023393043299208688,0.00023393043299210092,6.800734626050727e-05,1.00000000000006,0.18556329897101168,0.7988918023494623,0.5945751484389283,0.18556329897101168,0.7988918023494627,0.940105854599859,0.02267453087716931,0.02078061621009545,0.023527480149623956,True,True,True
uniform_platykurtic,76,2000,0.25,0.00036077336932936245,0.0003607733693294068,5.7988498478844723e-05,1.000000000000123,0.19946385760698457,0.7862670620964005,0.5866998193727637,0.19946385760698457,0.7862670620964006,0.9276538660136546,0.022805902468119223,0.02144636345937715,0.023072300569253627,True,True,True
uniform_platykurtic,77,2000,0.25,0.0004535716691583811,0.00045357166915838034,0.00017403676850115366,0.9999999999999983,0.22002739980686423,0.8062806141377042,0.5972843142213862,0.22002739980686423,0.8062806141377042,0.9443894218156382,0.023210002934782266,0.021220781941942483,0.023697587512267273,True,True,True
uniform_platykurtic,78,2000,0.25,0.0012175627263644447,0.0012175627263644646,8.664415224906659e-05,1.0000000000000164,0.17444166066371616,0.7879226181180384,0.5783459842948026,0.17444166066371616,0.7879226181180385,0.9144452929917729,0.022668078139400614,0.021257943603841898,0.02341940767807861,True,True,True
uniform_platykurtic,79,2000,0.25,0.00011571005257327757,0.00011571005257326669,7.38911568663298e-05,0.999999999999906,0.20730038766851636,0.8077261608766426,0.6007236882993238,0.20730038766851636,0.8077261608766426,0.9498275497214442,0.022736949382531124,0.02079458843099117,0.023159753079944428,True,True,True
uniform_platykurtic,80,2000,0.25,0.0010513366430102609,0.0010513366430102572,8.536055337163321e-05,0.9999999999999964,0.22180582795823317,0.8147020569772229,0.6185842578125733,0.22180582795823317,0.8147020569772232,0.978067589706269,0.023193576145928988,0.020860357853316754,0.02388028715290103,True,True,True
uniform_platykurtic,81,2000,0.25,5.659848803908517e-05,5.659848803909008e-05,8.859391816257326e-05,1.0000000000000868,0.19362828198202384,0.8024129225009548,0.5969539311297238,0.19362828198202384,0.8024129225009549,0.9438670402806087,0.023284299990593938,0.020996547061933834,0.023611265126757052,True,True,True
uniform_platykurtic,82,2000,0.25,0.0012787852568602563,0.0012787852568603264,0.0001241827839792283,1.0000000000000548,0.22662644401547075,0.8161060219799094,0.6162510995774323,0.22662644401547075,0.8161060219799096,0.9743785426239605,0.023427731291548775,0.021225272031801322,0.023588102906911622,True,True,True
uniform_platykurtic,83,2000,0.25,0.0013825302034822457,0.0013825302034822051,0.00021640408074679058,0.9999999999999707,0.22511261463895624,0.802226496203269,0.6265687132573591,0.22511261463895624,0.8022264962032691,0.990692122247096,0.02342981005061801,0.021158518566144285,0.02325540191164534,True,True,True
uniform_platykurtic,84,2000,0.25,0.003979764832240549,0.0039797648322407835,7.121970652027617e-05,1.0000000000000588,0.21471075887503874,0.8419949253116823,0.6420968777422507,0.21471075887503874,0.8419949253116825,1.0152443060740974,0.02367430105803555,0.02123588480781615,0.023392648244491717,True,False,True
uniform_platykurtic,85,2000,0.25,0.0007640756012595965,0.0007640756012596121,0.00023672747329085944,1.0000000000000204,0.1741775624618969,0.7898773635582055,0.6020690527384044,0.1741775624618969,0.7898773635582054,0.9519547576766985,0.02311378256832129,0.021168390606133597,0.023538599130646473,True,True,True
uniform_platykurtic,86,2000,0.25,0.00019190404181034865,0.00019190404181035738,0.0002961657945877825,1.0000000000000455,0.20072743990247763,0.791946659796774,0.5887911613222252,0.20072743990247763,0.7919466597967745,0.9309605679769337,0.02285278422743725,0.02075615080328696,0.02350830447729532,True,True,True
uniform_platykurtic,87,2000,0.25,0.0010704230350384902,0.0010704230350384609,7.679999396540471e-05,0.9999999999999727,0.23055491862490848,0.8106996900787883,0.6027435352745601,0.23055491862490848,0.8106996900787886,0.9530212082048208,0.023166256475299535,0.020870530650951038,0.023857826974557364,True,True,True
uniform_platykurtic,88,2000,0.25,0.002179813396550669,0.0021798133965507107,8.977568547183478e-05,1.000000000000019,0.1854267150612162,0.7662583489479923,0.5705728986282619,0.1854267150612162,0.7662583489479925,0.902154965414834,0.022726119932640298,0.020830721296866136,0.023079363180629836,True,True,True
uniform_platykurtic,89,2000,0.25,0.00651291521499781,0.0065129152149982,6.441876268565544e-05,1.00000000000006,0.15989665794410246,0.7509868138751323,0.543615821792947,0.15989665794410246,0.7509868138751323,0.85953208448495,0.02232050685187076,0.020707529704975962,0.023462003252335335,True,False,False
uniform_platykurtic,90,2000,0.25,0.0008184051159193803,0.0008184051159193691,9.96943308924823e-06,0.9999999999999862,0.21186907959579349,0.8116850175358246,0.6221520880205902,0.21186907959579349,0.8116850175358247,0.9837088245873117,0.02355084102365534,0.021221105508223273,0.023307671424772965,True,True,True
uniform_platykurtic,91,2000,0.25,0.0018064170163037696,0.0018064170163036978,0.0004267421878574608,0.9999999999999603,0.19141166545743393,0.7593905033496278,0.5917944278512849,0.19141166545743393,0.7593905033496287,0.9357091493031247,0.02322321169685606,0.02180159844188127,0.022752077582645733,True,True,True
uniform_platykurtic,92,2000,0.25,0.0006731801147193565,0.0006731801147193575,0.00016727718323052355,1.0000000000000016,0.18939604031360371,0.7786311277295382,0.5889278784694758,0.18939604031360371,0.7786311277295387,0.9311767367671903,0.023059918154265023,0.021790441782514557,0.023401322632688484,True,True,True
uniform_platykurtic,93,2000,0.25,0.0015157852101656496,0.0015157852101656166,0.00016026270252419183,0.9999999999999782,0.16352070671987456,0.8000333894572847,0.5853768663874868,0.16352070671987456,0.8000333894572845,0.9255620936782624,0.022934886399428898,0.02091263184210475,0.023250542104728197,True,True,True
uniform_platykurtic,94,2000,0.25,0.0005474121180755672,0.0005474121180755742,9.83040554816725e-05,1.0000000000000129,0.17769067197080038,0.8078502480199274,0.5991646695174624,0.17769067197080038,0.8078502480199277,0.9473625245886218,0.022777668638293287,0.02151261418383348,0.02319804574346993,True,True,True
uniform_platykurtic,95,2000,0.25,0.0012847428222337602,0.0012847428222338008,0.0002145677747713988,1.0000000000000315,0.18305808598368586,0.8224223958201916,0.6217480243284372,0.18305808598368586,0.8224223958201917,0.9830699437938231,0.023170338735535274,0.02048592975889417,0.023414806022398305,True,True,True
uniform_platykurtic,96,2000,0.25,0.000976888288384128,0.0009768882883841256,5.207354006685049e-05,0.9999999999999976,0.20344785647674268,0.8260450343259963,0.6164511045499602,0.20344785647674268,0.8260450343259964,0.9746947782522308,0.02325531092623288,0.020872999099846676,0.023680657728450075,True,True,True
uniform_platykurtic,97,2000,0.25,0.0007288061453797837,0.0007288061453796526,6.801642623926549e-05,0.9999999999998201,0.2064105777213896,0.8143722436817885,0.6216824515704917,0.2064105777213896,0.8143722436817885,0.9829662641600339,0.02338031487297237,0.02109934862726209,0.023857038462947806,True,True,True
uniform_platykurtic,98,2000,0.25,0.006240566088035313,0.0062405660880352175,6.0496339539435445e-05,0.9999999999999847,0.16003581353269586,0.759474184835863,0.5394065065766016,0.16003581353269586,0.7594741848358633,0.8528765727483292,0.0219845396255707,0.02055448084338705,0.023002713119247387,True,False,False
uniform_platykurtic,99,2000,0.25,0.00021221238271060275,0.00021221238271056957,0.00022032214907992964,0.9999999999998437,0.18986839490927176,0.8033483684398193,0.5899593995175471,0.18986839490927176,0.8033483684398193,0.9328077147503483,0.022997534307090246,0.02134162985253199,0.023562090986530088,True,True,True
uniform_platykurtic,100,2000,0.25,0.0016290826367250282,0.001629082636724942,0.000170006761055234,0.9999999999999472,0.2155417750479253,0.8323437072403804,0.6180626278045207,0.2155417750479253,0.8323437072403806,0.9772428202455963,0.023289574939801713,0.021213886355514026,0.024185220446604396,True,True,True
uniform_platykurtic,101,2000,0.25,0.0005351284910286597,0.0005351284910286529,6.352765252873524e-06,0.9999999999999872,0.17913547919097442,0.79643743430794,0.5899511653970095,0.17913547919097442,0.7964374343079399,0.9327946954626333,0.022791218949776516,0.02094616658792267,0.023299987854097714,True,True,True
uniform_platykurtic,102,2000,0.25,0.005702173614164398,0.005702173614164331,0.0003600186685368408,0.9999999999999883,0.25710779233669206,0.8268334346086741,0.6379134566075857,0.25710779233669206,0.826833434608674,1.008629736475479,0.023650650286602664,0.021386609131066884,0.023676896715537646,False,True,True
uniform_platykurtic,103,2000,0.25,0.001270584185347695,0.0012705841853476686,0.00016690665810374815,0.9999999999999791,0.17497971361931242,0.7745131156439706,0.5929509288338921,0.17497971361931242,0.7745131156439709,0.9375377379137577,0.022759344286138947,0.02091752102385683,0.0232984100037661,True,True,True
uniform_platykurtic,104,2000,0.25,0.0001312544466018572,0.00013125444660186297,1.7778542147566395e-05,1.000000000000044,0.2108305790462271,0.8018278345466684,0.603205371615514,0.2108305790462271,0.8018278345466687,0.9537514355766549,0.0230726927681013,0.021222138213657843,0.02339448196702154,True,True,True
uniform_platykurtic,105,2000,0.25,0.002715570476391392,0.0027155704763912425,0.00011386614160365917,0.9999999999999449,0.21325365604110838,0.8287551799832861,0.6400065255827506,0.21325365604110838,0.8287551799832862,1.0119391691061548,0.023724560215677714,0.021620148404104058,0.023712519424322728,True,True,True
uniform_platykurtic,106,2000,0.25,0.00021128779046698142,0.00021128779046699313,1.950022275420016e-05,1.0000000000000555,0.20277136437485946,0.7863849028055192,0.5964916094142528,0.20277136437485946,0.7863849028055193,0.9431360454642848,0.02319930339081253,0.020925130502739975,0.02330631615019038,True,True,True
uniform_platykurtic,107,2000,0.25,0.00012502230299808013,0.00012502230299809444,8.662081860546012e-05,1.0000000000001146,0.20342014450863705,0.7931105478845257,0.6079089585717882,0.20342014450863705,0.793110547884526,0.961188459553897,0.02323080665175522,0.02097587557332144,0.02389725653450781,True,True,True
uniform_platykurtic,108,2000,0.25,0.0005365027410908695,0.0005365027410908303,2.8622983842944235e-05,0.9999999999999271,0.1871702108914134,0.8098061597053882,0.6166770139323781,0.1871702108914134,0.8098061597053885,0.9750519723488497,0.023306604201860405,0.02044365294034301,0.02396497137565009,True,True,True
uniform_platykurtic,109,2000,0.25,0.0032930988160624,0.003293098816062268,8.089378842026404e-05,0.9999999999999599,0.2331170514157404,0.8245357970935762,0.6371735508483239,0.2331170514157404,0.8245357970935763,1.0074598427489057,0.023660488544469133,0.0210685002852497,0.023500061027355496,True,True,True
uniform_platykurtic,110,2000,0.25,0.0022198536756113238,0.0022198536756113246,0.00028931057361206836,1.0000000000000004,0.21815715431943078,0.8164997599343122,0.6389692659250111,0.21815715431943078,0.8164997599343125,1.0102991175844258,0.02346194423443333,0.021189800908469027,0.023367718262193495,True,True,True
uniform_platykurtic,111,2000,0.25,0.0005999219467076466,0.0005999219467076799,0.0001645379290712649,1.0000000000000555,0.20185193855502284,0.7773915503369409,0.5907283040562366,0.20185193855502284,0.7773915503369411,0.9340234595730923,0.022797244932256516,0.02111919467418105,0.022796454624730466,True,True,True
uniform_platykurtic,112,2000,0.25,0.0034421145862973557,0.0034421145862972733,8.361193761638405e-05,0.999999999999976,0.2357226808750561,0.8276631086635975,0.6348233135490043,0.2357226808750561,0.8276631086635977,1.00374379129504,0.023500234916302303,0.02103448364954193,0.0234181997499312,True,True,True
uniform_platykurtic,113,2000,0.25,0.007983689162946412,0.007983689162946343,0.00020240616702218964,0.9999999999999913,0.2162921128469137,0.8629495250699264,0.6561706606600981,0.2162921128469137,0.8629495250699263,1.0374969107316772,0.023690964643850072,0.02063181623811783,0.023759769757966915,True,False,False
uniform_platykurtic,114,2000,0.25,0.0002202025487119708,0.00022020254871200556,3.506321982116541e-05,1.0000000000001579,0.18711166660264247,0.8042272833939905,0.593217019256176,0.18711166660264247,0.8042272833939905,0.9379584638127361,0.02270093518140487,0.020870433313313744,0.02380429764620458,True,True,True
uniform_platykurtic,115,2000,0.25,0.000983839654126214,0.000983839654126126,6.509994803505205e-05,0.9999999999999105,0.22783129670975086,0.8062480741561172,0.6119686221217328,0.22783129670975086,0.8062480741561177,0.967607351229785,0.023298098148926173,0.021261428854154118,0.023136874521579597,True,True,True
uniform_platykurtic,116,2000,0.25,0.0015441875411817466,0.0015441875411818693,1.4388865726122035e-05,1.0000000000000795,0.19238280621007586,0.7721279094907746,0.5725279862627878,0.19238280621007586,0.7721279094907747,0.9052462303899979,0.022799845482382657,0.020388921002506732,0.02375248743778429,True,True,True
uniform_platykurtic,117,2000,0.25,0.0007301174856043912,0.0007301174856044064,0.0002037652854842196,1.0000000000000209,0.17501717059435523,0.8098594641394375,0.6028830134794623,0.17501717059435523,0.8098594641394377,0.9532417426105502,0.02300444132258869,0.02065008438447392,0.02399259135344974,True,True,True
uniform_platykurtic,118,2000,0.25,0.0008620534181371528,0.0008620534181371371,0.00010558893410443016,0.9999999999999818,0.19092196117756352,0.7760492515011576,0.585458270111467,0.19092196117756352,0.7760492515011576,0.92569080426716,0.022808889515480588,0.020732167233324945,0.023268605905290805,True,True,True
uniform_platykurtic,119,2000,0.25,0.0007551076988450174,0.0007551076988450202,6.419070510986526e-05,1.0000000000000038,0.22456877180087045,0.8081327362416897,0.6086624832049718,0.22456877180087045,0.8081327362416897,0.9623798866108482,0.02314177593930261,0.02112965710802699,0.023982176054191895,True,True,True
uniform_platykurtic,120,2000,0.25,0.000811321767879001,0.0008113217678789854,7.874528098789153e-05,0.9999999999999808,0.18637267691643758,0.7854058386478161,0.5792962032185061,0.18637267691643758,0.7854058386478163,0.9159477210291225,0.02274805352237943,0.020880433414534594,0.023295960849288398,True,True,True
uniform_platykurtic,121,2000,0.25,0.00044738331403426613,0.00044738331403424764,0.0001543714586666949,0.9999999999999587,0.20962311417866752,0.7838684596354661,0.5898477962607549,0.20962311417866752,0.7838684596354664,0.9326312545074688,0.022836119207265457,0.02138251316370559,0.023625959372605795,True,True,True
uniform_platykurtic,122,2000,0.25,0.0003414525443417301,0.00034145254434170724,0.0002651731005174177,0.999999999999933,0.20864053717712433,0.7871773813610979,0.6096981045204697,0.20864053717712433,0.7871773813610982,0.9640173476860421,0.02312918225551838,0.02133122868335474,0.023136333641330595,True,True,True
uniform_platykurtic,123,2000,0.25,0.0006700482503681953,0.0006700482503681995,0.00014510183404536385,1.0000000000000062,0.22301652688398674,0.8101194624268139,0.6052665392367438,0.22301652688398674,0.810119462426814,0.9570104277378932,0.02304616879026987,0.02077985931040128,0.023431721182335347,True,True,True
uniform_platykurtic,124,2000,0.25,0.0015238659636985983,0.001523865963698681,9.204895003406541e-05,1.0000000000000544,0.17959993429440946,0.7789106107334012,0.573136334507872,0.17959993429440946,0.7789106107334016,0.9062081134225151,0.022653820824831333,0.021185685871012678,0.023308315761483882,True,True,True
uniform_platykurtic,125,2000,0.25,0.00014048788525262764,0.00014048788525261328,5.759216998817024e-05,0.9999999999998977,0.18914967067667546,0.8009637978206234,0.6045255355629542,0.18914967067667546,0.8009637978206237,0.9558387980560248,0.023318395039941094,0.021714250411905785,0.023178491963147422,True,True,True
uniform_platykurtic,126,2000,0.25,0.0011507466560608131,0.001150746656060822,1.3670905945568361e-05,1.0000000000000078,0.16648014335256175,0.8053245093057941,0.5971650454888237,0.16648014335256175,0.8053245093057945,0.9442008413913718,0.022691265853812922,0.020819907357810946,0.023329158579792394,True,True,True
uniform_platykurtic,127,2000,0.25,0.00015429871438863452,0.00015429871438862368,5.9578543106371377e-05,0.9999999999999297,0.20941082227182736,0.8071457130921612,0.6037216494390181,0.20941082227182736,0.8071457130921617,0.9545677424905039,0.023179694016360653,0.021643630684637923,0.023423345666380206,True,True,True
uniform_platykurtic,128,2000,0.25,0.0005395223048091652,0.0005395223048091813,5.456332700372854e-05,1.00000000000003,0.18418226353692363,0.7899758798025374,0.585779550273003,0.18418226353692363,0.7899758798025376,0.9261987928058981,0.022896269797115724,0.021000426432648246,0.02360691682666087,True,True,True
uniform_platykurtic,129,2000,0.25,0.0002628826039359019,0.0002628826039358683,8.668417178281832e-05,0.9999999999998721,0.21245746541974256,0.7969809395877128,0.6096541070960195,0.21245746541974256,0.7969809395877132,0.9639477816498194,0.023210692907638775,0.020767734195558326,0.02386268130130575,True,True,True
uniform_platykurtic,130,2000,0.25,0.0032172349039995786,0.003217234903999571,0.00014678724102694542,0.9999999999999977,0.23029780649523968,0.8255940211117372,0.6389217430421689,0.23029780649523968,0.8255940211117374,1.0102239773090462,0.023489349734194125,0.021418969840829544,0.022993324773320348,True,True,True
uniform_platykurtic,131,2000,0.25,0.0006256404334391132,0.0006256404334390784,8.05398713429786e-05,0.9999999999999444,0.2012336496331396,0.8169271285571708,0.6177491179507597,0.2012336496331396,0.816927128557171,0.9767471176422029,0.023548553700329183,0.02114988275973961,0.02389941757827912,True,True,True
uniform_platykurtic,132,2000,0.25,0.0008832240692745413,0.0008832240692745609,5.2112680978640006e-05,1.0000000000000222,0.18754973209616058,0.7759286027615849,0.5869817640453282,0.18754973209616058,0.7759286027615853,0.9280996596833827,0.02273198733940223,0.020661060122707135,0.023500331600346643,True,True,True
uniform_platykurtic,133,2000,0.25,0.0010876878047190392,0.0010876878047190162,4.461647975048769e-05,0.9999999999999789,0.22953960714261396,0.8035012527284171,0.6130065969381712,0.22953960714261396,0.8035012527284172,0.9692485335167097,0.023379278664666783,0.021098159234936496,0.023403077770209474,True,True,True
uniform_platykurtic,134,2000,0.25,0.0012839755099476528,0.001283975509947721,5.1849604967837806e-05,1.000000000000053,0.18672681707470523,0.7874801648366285,0.568258062094695,0.18672681707470523,0.7874801648366286,0.8984948874863133,0.022690696199695593,0.020940531684097825,0.02405936953372508,True,True,True
uniform_platykurtic,135,2000,0.25,0.005294473063431077,0.005294473063431174,0.00018292271356942753,1.0000000000000182,0.2571042022716655,0.80924575843178,0.6395887660538506,0.2571042022716655,0.80924575843178,1.011278633293378,0.023663460811080006,0.021049806958669127,0.02342639327053254,False,True,True
uniform_platykurtic,136,2000,0.25,0.0015562667870290476,0.0015562667870289378,8.103675978811761e-05,0.9999999999999295,0.20487448320757418,0.8283716075379275,0.6261857973445263,0.20487448320757418,0.8283716075379277,0.9900866790286567,0.023495471600749065,0.021181734112176782,0.024170038716450702,True,True,True
uniform_platykurtic,137,2000,0.25,0.0007246687665573744,0.0007246687665574072,0.00016329562981226494,1.0000000000000453,0.1959169619208766,0.787446937878647,0.5765018089049864,0.1959169619208766,0.7874469378786473,0.9115293956734482,0.022919687623488116,0.020675458790897366,0.023493585808896014,True,True,True
uniform_platykurtic,138,2000,0.25,0.00033284350980767696,0.00033284350980767355,9.991356409723362e-05,0.9999999999999898,0.18238909705147585,0.80294608877666,0.5964660108994624,0.18238909705147585,0.8029460887766602,0.9430955706585615,0.023183809445704417,0.02110302693350378,0.023719355284635268,True,True,True
uniform_platykurtic,139,2000,0.25,0.008027501762245655,0.008027501762245362,5.058115093408114e-05,0.9999999999999635,0.25221442901451974,0.8447124272327657,0.6520961177513659,0.25221442901451974,0.844712427232766,1.0310544927238328,0.023752029281491886,0.020845054784384937,0.023768961996195347,False,False,False
uniform_platykurtic,140,2000,0.25,0.001992454773688632,0.0019924547736886273,1.5156842022547065e-05,0.9999999999999976,0.16198732053166237,0.8095375284789105,0.6201323781362572,0.16198732053166237,0.8095375284789107,0.9805153828636876,0.02314523082016213,0.021107229625300244,0.023563734702377406,True,True,True
uniform_platykurtic,141,2000,0.25,0.0008126095016197293,0.0008126095016197991,4.438953200628143e-05,1.000000000000086,0.21009329711677013,0.7778446074314087,0.5850103828109167,0.21009329711677013,0.7778446074314086,0.9249826322647536,0.02298426626827628,0.0214407487309092,0.023260378215969057,True,True,True
uniform_platykurtic,142,2000,0.25,0.00017589331158556572,0.00017589331158557862,0.00012028841165746648,1.0000000000000733,0.1926665664432446,0.7976613883624305,0.6107848510334529,0.1926665664432446,0.7976613883624308,0.9657356447961808,0.023136564556974576,0.02146039821828707,0.023390843780117392,True,True,True
uniform_platykurtic,143,2000,0.25,0.00983123285143131,0.009831232851431473,7.988298373940263e-05,1.0000000000000167,0.23164362693656745,0.8619294429714707,0.6657311135379153,0.23164362693656745,0.8619294429714709,1.0526133140099863,0.023920517594574406,0.02066368181646736,0.024099095506420802,True,False,False
uniform_platykurtic,144,2000,0.25,0.0015049249572120056,0.0015049249572119789,0.00010938210482471144,0.9999999999999822,0.19762929094211693,0.8308367158339074,0.6230914599489474,0.19762929094211693,0.8308367158339076,0.9851941020191276,0.02334455841482265,0.020966752092449966,0.023577347532731347,True,True,True
uniform_platykurtic,145,2000,0.25,0.0016535737059425615,0.0016535737059425965,3.284993409328199e-05,1.000000000000021,0.17658137018758274,0.7734600121177015,0.5788283420328861,0.17658137018758274,0.773460012117702,0.9152079675414473,0.022826971445484415,0.021058625570872697,0.023362185008037516,True,True,True
uniform_platykurtic,146,2000,0.25,0.0012520081218502174,0.0012520081218501493,9.987001226569357e-05,0.9999999999999456,0.22423956401838505,0.8148550934997244,0.6201547408779711,0.22423956401838505,0.8148550934997248,0.9805507414629564,0.023307113552631983,0.021282377276864568,0.023661162252620094,True,True,True
uniform_platykurtic,147,2000,0.25,0.0010224266659644454,0.0010224266659643914,5.2413576080359706e-05,0.9999999999999472,0.21993579334466548,0.8062756572659617,0.623094943156312,0.21993579334466548,0.8062756572659617,0.9851996094535445,0.02347247817319683,0.020882163608646902,0.023479701606808387,True,True,True
uniform_platykurtic,148,2000,0.25,0.0007058037572791755,0.0007058037572791697,0.00024142020430302697,0.9999999999999917,0.22653700324009055,0.7988088706887005,0.5989170311275324,0.22653700324009055,0.7988088706887005,0.9469709739144818,0.02296416440097304,0.021153999336174168,0.02339941980980222,True,True,True
uniform_platykurtic,149,2000,0.25,0.0017453286568073522,0.0017453286568074131,5.1395037682808756e-05,1.0000000000000349,0.169276990909152,0.7761222239420588,0.5822880580343807,0.169276990909152,0.7761222239420589,0.9206782588524732,0.022981386218147923,0.021187616519249143,0.02335358573929681,True,True,True
uniform_platykurtic,150,2000,0.25,0.001583749208401899,0.0015837492084019664,9.064642705567022e-05,1.0000000000000426,0.2143953659911483,0.7680921808764193,0.5808446182763494,0.2143953659911483,0.7680921808764196,0.9183959802021614,0.022871798207309328,0.02129704364727063,0.0228350873115587,True,True,True
uniform_platykurtic,151,2000,0.25,0.001187896440843722,0.001187896440843707,0.0002047317609154534,0.9999999999999875,0.1755881212693821,0.7761028207412017,0.5925596693682668,0.1755881212693821,0.7761028207412016,0.9369191023800195,0.02293683160509015,0.021080179635752466,0.02347364403357943,True,True,True
uniform_platykurtic,152,2000,0.25,0.0002908330099429513,0.00029083300994299586,0.0001954108880717109,1.0000000000001532,0.18724740368266127,0.8085399023323355,0.6073237354286302,0.18724740368266127,0.8085399023323356,0.960263140517989,0.023264494160659222,0.020887862594526692,0.02354974509788533,True,True,True
uniform_platykurtic,153,2000,0.25,0.002374934254609956,0.002374934254610045,0.0003895000368192818,1.0000000000000375,0.1623799480752497,0.7829084381456963,0.5717047141451439,0.1623799480752497,0.7829084381456969,0.9039445228770664,0.02284358348943536,0.021764938282909655,0.023737838653889603,True,True,True
uniform_platykurtic,154,2000,0.25,0.0007951532718911972,0.0007951532718911351,3.578932216771225e-05,0.9999999999999218,0.2255871211050996,0.7938082411065637,0.5891675681221179,0.2255871211050996,0.7938082411065639,0.9315557193841569,0.02314339082245898,0.021104986487901788,0.02354174208274523,True,True,True
uniform_platykurtic,155,2000,0.25,0.002531336123581106,0.0025313361235810234,9.577791962987453e-05,0.9999999999999672,0.16916193507941654,0.7712410683873582,0.5688456676644869,0.16916193507941654,0.7712410683873584,0.8994239734694891,0.022393599542099404,0.02115683551165454,0.023508863548248347,True,True,True
uniform_platykurtic,156,2000,0.25,0.008105937915673014,0.008105937915672904,9.605712006115258e-05,0.9999999999999866,0.245212581195981,0.8526212316587514,0.6516893717619586,0.245212581195981,0.8526212316587516,1.0304113708460025,0.02395956354453706,0.021488387534385756,0.02416408544247983,True,False,False
uniform_platykurtic,157,2000,0.25,0.004190708048771033,0.004190708048771106,0.00012360459661701898,1.0000000000000173,0.1380267011897266,0.7997194499846264,0.5748055354131808,0.1380267011897266,0.7997194499846266,0.9088473517891107,0.022280400950342494,0.02131507056923768,0.022803070187764993,False,True,True
uniform_platykurtic,158,2000,0.25,0.0023819526085167536,0.0023819526085167384,7.848544158426262e-05,0.9999999999999937,0.23858985055930845,0.8200939257110705,0.6198185074318477,0.23858985055930845,0.8200939257110706,0.9800191097053205,0.023338542976025604,0.021551772988418233,0.023257029639736745,True,True,True
uniform_platykurtic,159,2000,0.25,0.0011399532174462958,0.0011399532174463385,0.00022363654045245938,1.0000000000000375,0.16771925563922713,0.7992410699297029,0.5893956354210519,0.16771925563922713,0.7992410699297035,0.9319163254463669,0.022810199976290007,0.021050047135588324,0.023104405349235378,True,True,True
uniform_platykurtic,160,2000,0.25,0.0009678798108252557,0.0009678798108253652,0.0001217289119585139,1.0000000000001132,0.21234322699505298,0.819278499713027,0.620180346835071,0.21234322699505298,0.819278499713027,0.9805912280360157,0.02344472395505402,0.02125581412099479,0.023425903411467684,True,True,True
uniform_platykurtic,161,2000,0.25,0.00024244531732101998,0.00024244531732101827,6.314966086307653e-05,0.999999999999993,0.18577044898031617,0.7948389546987433,0.6043685516829632,0.18577044898031617,0.7948389546987433,0.9555905847476753,0.023203644542528816,0.020871224818120992,0.023557294751254464,True,True,True
uniform_platykurtic,162,2000,0.25,0.006647137205988939,0.00664713720598883,8.24968205390382e-05,0.9999999999999837,0.1629791799274076,0.7491303663281065,0.5443625810027275,0.1629791799274076,0.7491303663281065,0.8607128144682645,0.022440194124372502,0.02067288734241237,0.02300186274560621,True,False,False
uniform_platykurtic,163,2000,0.25,0.0001713641311295388,0.00017136413112954914,0.00014607520976735517,1.0000000000000602,0.20280386915590412,0.7938870727466261,0.5884518432604472,0.20280386915590412,0.7938870727466264,0.9304240590137076,0.022612481414172922,0.020181409746638766,0.02393564957609753,True,True,True
uniform_platykurtic,164,2000,0.25,0.0005802697521287482,0.0005802697521287327,0.00015542438501335907,0.9999999999999732,0.220442325046311,0.8069495480373321,0.5895643355971203,0.220442325046311,0.8069495480373322,0.9321830638453942,0.0229278217063059,0.02040732970284954,0.023888099365649253,True,True,True
uniform_platykurtic,165,2000,0.25,0.0035516652765297976,0.0035516652765295743,0.0001256996668058221,0.9999999999999372,0.24084192271098787,0.8166519946554335,0.6374241923212913,0.24084192271098787,0.8166519946554335,1.0078561417142422,0.023623212309033418,0.021256624155956607,0.023724078034653016,True,True,True
uniform_platykurtic,166,2000,0.25,0.0016581723829608933,0.0016581723829607973,3.2535419128863045e-05,0.999999999999942,0.18151207276574755,0.8190910259818489,0.630141677281326,0.18151207276574755,0.8190910259818491,0.9963414744038822,0.023296106270169332,0.02083263864404836,0.023940942315146183,True,True,True
uniform_platykurtic,167,2000,0.25,0.0034181569559332122,0.003418156955933175,0.00010075041292280471,0.9999999999999891,0.17165000921539916,0.7677262491756601,0.5567563491745121,0.17165000921539916,0.7677262491756603,0.8803090825757336,0.022224761317222754,0.020670138390065186,0.022996906399727433,True,True,True
uniform_platykurtic,168,2000,0.25,0.001110056515497881,0.0011100565154977913,3.057789154316445e-05,0.9999999999999192,0.20911124806242334,0.828440838427931,0.6148547292758237,0.20911124806242334,0.8284408384279308,0.9721706873189038,0.022993081621882842,0.020840612447837477,0.02385623590966028,True,True,True
uniform_platykurtic,169,2000,0.25,0.0006794160609986704,0.0006794160609987039,3.34959346079038e-05,1.0000000000000493,0.20153826228164667,0.7809604815065753,0.5819595265539154,0.20153826228164667,0.7809604815065754,0.9201588049718054,0.02289009722795181,0.02120101669009468,0.023385531612723425,True,True,True
uniform_platykurtic,170,2000,0.25,0.0010546972682601537,0.0010546972682601323,3.3943929000596316e-05,0.9999999999999797,0.21765880199229,0.822778721716056,0.6140363897393791,0.21765880199229,0.8227787217160565,0.97087677890164,0.023191611014489844,0.02107610585789042,0.023457725315405523,True,True,True
uniform_platykurtic,171,2000,0.25,0.0020124670669510406,0.0020124670669511885,9.432647344038805e-05,1.0000000000000735,0.1798616012446474,0.7691878177554915,0.5726648808468782,0.1798616012446474,0.7691878177554919,0.9054626797325303,0.022700265416074412,0.021420142637064304,0.02327382296951724,True,True,True
uniform_platykurtic,172,2000,0.25,0.0012983622707964343,0.0012983622707964046,9.835020330717195e-05,0.9999999999999771,0.19203446021871948,0.774648772653819,0.574822641798044,0.19203446021871948,0.7746487726538194,0.9088743993584634,0.02256228608695462,0.021359289812656272,0.02306517493001545,True,True,True
uniform_platykurtic,173,2000,0.25,0.0023371793750821086,0.002337179375082138,0.0001241044034723863,1.0000000000000127,0.1617425797162975,0.7842442121093638,0.5734107597495928,0.1617425797162975,0.7842442121093638,0.9066420178281571,0.022711489349871602,0.02048918652714541,0.023360230928366123,True,True,True
uniform_platykurtic,174,2000,0.25,0.005368668175028774,0.005368668175028731,0.00011804039874556088,0.9999999999999921,0.2226643421926619,0.8440354934951555,0.6502142174392435,0.2226643421926619,0.8440354934951557,1.028078947065992,0.02366692210813004,0.021346607662837434,0.022999278544403447,True,False,False
uniform_platykurtic,175,2000,0.25,0.00028166785312955803,0.00028166785312956237,1.1035802758083032e-05,1.0000000000000153,0.18961535609952718,0.7891197101543495,0.5921818251495093,0.18961535609952718,0.78911971015435,0.9363216782140145,0.022854854163485212,0.020974000176449938,0.02320702178778847,True,True,True
uniform_platykurtic,176,2000,0.25,0.0010065330942828007,0.0010065330942828114,5.7952554241488015e-05,1.0000000000000107,0.16931892522792855,0.7942957589041054,0.5931774837268735,0.16931892522792855,0.7942957589041058,0.9378959526521918,0.02282880799346378,0.02071816933878625,0.023670193094696323,True,True,True
uniform_platykurtic,177,2000,0.25,0.001371851035467266,0.001371851035467216,6.736892129634772e-05,0.9999999999999637,0.16667322645894725,0.7872129538964423,0.5880078720595949,0.16667322645894725,0.7872129538964432,0.929722078908605,0.02268417828863249,0.021122989464336443,0.02318526956717458,True,True,True
uniform_platykurtic,178,2000,0.25,0.0007890503433020096,0.0007890503433020537,0.00014937483924907266,1.000000000000056,0.19330161792950715,0.7912527708705119,0.5731847524815273,0.19330161792950715,0.7912527708705123,0.9062846689607367,0.02234539461136124,0.020369739772223467,0.023338469260294564,True,True,True
uniform_platykurtic,179,2000,0.25,0.0005082397578902374,0.0005082397578901738,0.00011041007609750614,0.9999999999998748,0.19878683657882892,0.8116183794218973,0.6190994559341894,0.19878683657882892,0.8116183794218976,0.9788821894615398,0.022970737454270945,0.02070712385432843,0.023159953975266667,True,True,True
uniform_platykurtic,180,2000,0.25,0.010281992671913407,0.010281992671913208,0.00018072626257620216,0.9999999999999806,0.27076840073302666,0.842302806711369,0.6512834853884104,0.27076840073302666,0.8423028067113696,1.0297696081401817,0.023458779007614377,0.020837491028436968,0.02341988064914614,False,False,False
uniform_platykurtic,181,2000,0.25,0.0012613824469628289,0.001261382446962873,0.00011113394531632356,1.000000000000035,0.20255617771484088,0.7789604192444314,0.5715210467901688,0.20255617771484088,0.7789604192444318,0.9036541192902975,0.022974933478379755,0.020993811096459186,0.023558519971812384,True,True,True
uniform_platykurtic,182,2000,0.25,0.0006941059349026008,0.0006941059349026003,4.001468954036487e-05,0.9999999999999992,0.2022310659750921,0.8115391785788519,0.6228946002132449,0.2022310659750921,0.811539178578852,0.9848828394469293,0.02348176915175385,0.021359288630143133,0.023053266737122498,True,True,True
uniform_platykurtic,183,2000,0.25,0.0018138893117241597,0.0018138893117242841,0.00011835826800632229,1.0000000000000686,0.2154029428387152,0.809234112483403,0.6371339903408998,0.2154029428387152,0.8092341124834032,1.0073972920944845,0.02381074354021859,0.02135620983560871,0.023635668264725983,True,True,True
uniform_platykurtic,184,2000,0.25,0.0022604687762292196,0.0022604687762292023,0.0003325528279362465,0.9999999999999923,0.2134074385313159,0.8430334512030772,0.6147495678566712,0.2134074385313159,0.8430334512030773,0.9720044125156581,0.023529280345598938,0.02183867450175247,0.023471477222442458,True,False,True
uniform_platykurtic,185,2000,0.25,0.0005285864804302227,0.0005285864804302389,3.9835598797490413e-05,1.0000000000000309,0.21898838532227627,0.8099122904949374,0.6077517298849665,0.21898838532227627,0.8099122904949376,0.9609398591719607,0.0229076620853112,0.021037519015156853,0.023196966598193626,True,True,True
uniform_platykurtic,186,2000,0.25,0.0006460922075247726,0.0006460922075248247,1.776077313423364e-05,1.0000000000000808,0.2149189161918441,0.8137557919545757,0.6146051037241972,0.2149189161918441,0.8137557919545757,0.9717759946662525,0.023346989722869842,0.021291512382921648,0.023700262381180434,True,True,True
uniform_platykurtic,187,2000,0.25,0.004902056504246199,0.004902056504246349,8.714404844671992e-05,1.0000000000000306,0.18084104142549393,0.7496711572760338,0.5523466941775662,0.18084104142549393,0.7496711572760338,0.8733368058327846,0.02253754923227358,0.02103421495334047,0.022787963523100457,True,False,False
uniform_platykurtic,188,2000,0.25,0.001710991310755823,0.0017109913107557025,0.0002447972372233233,0.9999999999999295,0.21868898920873908,0.7832091543921423,0.5667319714209286,0.21868898920873908,0.7832091543921424,0.8960819262637963,0.0226176965599201,0.02082320845942758,0.023544363023191826,True,True,True
uniform_platykurtic,189,2000,0.25,0.0004206312690205972,0.0004206312690206434,2.9618705521773917e-05,1.00000000000011,0.1874128144659253,0.8086352689542591,0.6134650017013179,0.1874128144659253,0.8086352689542592,0.96997333508762,0.023206415396401055,0.020924810107165636,0.02385018460589369,True,True,True
uniform_platykurtic,190,2000,0.25,0.001246138420626215,0.0012461384206261595,8.788308844334419e-05,0.9999999999999555,0.2119306566711324,0.8252573107884448,0.6207983173462439,0.2119306566711324,0.8252573107884451,0.9815683252070715,0.023457224708944326,0.020756079576734605,0.024091885366733106,True,True,True
uniform_platykurtic,191,2000,0.25,0.001621289540507802,0.001621289540507961,3.0036256165668225e-05,1.0000000000000981,0.22098105102973162,0.8141082717519108,0.6299845642027736,0.22098105102973162,0.8141082717519109,0.9960930568146759,0.023522089088871913,0.020992291317998273,0.023441260185480144,True,True,True
uniform_platykurtic,192,2000,0.25,0.001543045649650216,0.0015430456496502004,0.0001158501593579477,0.9999999999999899,0.238004242493414,0.7930803804182673,0.5905799969326009,0.238004242493414,0.7930803804182672,0.933788965421138,0.02299021895336011,0.020326161658913565,0.023260213902081144,True,True,True
uniform_platykurtic,193,2000,0.25,0.0012257853982323016,0.0012257853982322615,0.00011860713261226931,0.9999999999999672,0.1859194466373819,0.7780855426327394,0.5766969717353975,0.1859194466373819,0.7780855426327395,0.911837975202803,0.023280430575323415,0.021237131233825635,0.02359697230040995,True,True,True
uniform_platykurtic,194,2000,0.25,0.0005065576274272962,0.0005065576274272803,0.00022380393357999677,0.9999999999999686,0.21621323680584678,0.7855541822406714,0.5935737462287761,0.21621323680584678,0.7855541822406715,0.9385224986808586,0.02277797013418287,0.020981728328266835,0.023456644596948364,True,True,True
uniform_platykurtic,195,2000,0.25,0.00118301500304144,0.0011830150030413841,0.000188135230946718,0.9999999999999527,0.18584348261836817,0.782947285867843,0.5730013889977831,0.18584348261836817,0.7829472858678433,0.9059947458365721,0.022674364216144664,0.020927972902899637,0.02336478421873991,True,True,True
uniform_platykurtic,196,2000,0.25,0.0009113376306521915,0.0009113376306521743,9.637627648470794e-05,0.9999999999999811,0.17271655334076377,0.8110939042210089,0.5919143871607473,0.17271655334076377,0.8110939042210092,0.9358988216253473,0.022900051671616867,0.02116147146832598,0.023681430100281668,True,True,True
uniform_platykurtic,197,2000,0.25,0.0007385238359971479,0.000738523835997151,0.00014237025124398577,1.0000000000000042,0.17834083061670464,0.8024978151722434,0.5826630111117819,0.17834083061670464,0.8024978151722435,0.9212711117226142,0.022635430675263184,0.021038900597357992,0.023468607971314556,True,True,True
uniform_platykurtic,198,2000,0.25,0.00036369719310445263,0.00036369719310444884,2.6522431207789767e-06,0.9999999999999896,0.2181974088864326,0.8012025257370202,0.5944769908163722,0.2181974088864326,0.8012025257370203,0.9399506537713682,0.02299692378110822,0.021028228836093742,0.0237678205558997,True,True,True
uniform_platykurtic,199,2000,0.25,0.0015294037409805798,0.0015294037409805882,4.2536162115821934e-05,1.0000000000000056,0.1698826000878396,0.7791245346255128,0.5838563692008384,0.1698826000878396,0.779124534625513,0.9231579765354163,0.022544303920732523,0.020736031839407428,0.02318927814879342,True,True,True
symmetric_contaminated,0,2000,0.25,0.0007241609210152248,0.0007241609210151869,4.4136491181792666e-05,0.9999999999999477,0.22430045702171778,0.8076212329966518,0.5921591750719147,0.22430045702171778,0.8076212329966518,0.24461870050865184,0.023163472479808975,0.07764284978422478,0.09624857065517746,True,True,True
symmetric_contaminated,1,2000,0.25,0.04667695433000546,0.046676954330006015,0.0001164251132806808,1.000000000000012,0.2072469872882334,0.9309610675349967,0.7605965291986143,0.2072469872882334,0.9309610675349967,0.3141995301539658,0.02413005490071194,0.06854081032160547,0.08417186052227653,True,True,True
symmetric_contaminated,2,2000,0.25,0.0004060187944352589,0.00040601879443525967,0.00022888580387708574,1.0000000000000018,0.19325503077306508,0.8006188369686783,0.6228163680974677,0.19325503077306508,0.8006188369686783,0.2572830702167499,0.0215166958328074,0.053972626757374464,0.09128022672122352,True,True,True
symmetric_contaminated,3,2000,0.25,0.02705838182030465,0.02705838182030472,5.4166404622850216e-05,1.0000000000000027,0.20595433593415532,0.6835699504999795,0.48055836704361843,0.20595433593415532,0.6835699504999795,0.19851683164495912,0.022331615425206876,0.1067401437048556,0.08130634278568728,True,True,True
symmetric_contaminated,4,2000,0.25,5.60697522501771e-05,5.606975225019035e-05,3.255243010189678e-05,1.0000000000002363,0.20470639352626746,0.7954300079454537,0.5967035709844447,0.20470639352626746,0.7954300079454537,0.24649597315681085,0.02393405791805167,0.08323933798183515,0.09704111694038108,True,True,True
symmetric_contaminated,5,2000,0.25,0.0163169265044313,0.01631692650443122,1.3221166989206135e-05,0.9999999999999951,0.19763053770382125,0.8775484700525208,0.7103807696224537,0.19763053770382125,0.8775484700525208,0.29345559107528146,0.02255730054653727,0.06507482324151219,0.10057099769043994,True,True,True
symmetric_contaminated,6,2000,0.25,0.005680916346453548,0.00568091634645337,3.3992461428270304e-05,0.9999999999999686,0.2334999949659451,0.837089426578842,0.6565065583150448,0.2334999949659451,0.837089426578842,0.2712003595163908,0.0232984741956592,0.06553194051861598,0.09770848200812264,True,True,True
symmetric_contaminated,7,2000,0.25,0.006823606105392713,0.006823606105392669,0.00014879398782166278,0.9999999999999936,0.19007243185089098,0.8416332436126985,0.6746608608629672,0.19007243185089098,0.8416332436126985,0.27869983277436183,0.02288971072054582,0.07055078632598699,0.11392993286915183,True,True,True
symmetric_contaminated,8,2000,0.25,0.021017141810916358,0.021017141810916327,0.000141428231079186,0.9999999999999986,0.15983990171304124,0.706763011206773,0.4540275723439571,0.15983990171304124,0.706763011206773,0.18755706137355416,0.019477299221505533,0.06287672080024886,0.08802233181490553,False,True,True
symmetric_contaminated,9,2000,0.25,0.013514483142057507,0.013514483142057707,7.944523733644232e-06,1.0000000000000147,0.18123332373736628,0.7215280285368243,0.5091447520850951,0.18123332373736628,0.7215280285368243,0.21032575845967327,0.021904129001701342,0.0854450276587568,0.09655671605138962,True,True,True
symmetric_contaminated,10,2000,0.25,0.005542163812107318,0.005542163812107565,0.0001458207665826034,1.0000000000000446,0.19320499389152207,0.846232516290372,0.6589833651559037,0.19320499389152207,0.846232516290372,0.2722235189916269,0.02278039607196557,0.07342208853984437,0.09999988248723951,True,True,True
symmetric_contaminated,11,2000,0.25,7.118852930548247e-05,7.118852930547171e-05,0.00010673058324191431,0.9999999999998488,0.20284186472206403,0.7941399076102443,0.605629942304337,0.20284186472206403,0.7941399076102443,0.2501834231608824,0.02262995414835447,0.06896121900865748,0.0949592832363083,True,True,True
symmetric_contaminated,12,2000,0.25,0.03781757019859692,0.037817570198596766,0.00013626446692158162,0.999999999999996,0.20497847711869857,0.674559874806523,0.43058808731256104,0.20497847711869857,0.674559874806523,0.17787429935559562,0.0215463402996604,0.0716435477445937,0.08295425593479809,True,True,False
symmetric_contaminated,13,2000,0.25,0.04730481337727866,0.04730481337727973,0.00036341572290698066,1.0000000000000226,0.23306703442008522,0.9264783219243573,0.7374205777608004,0.23306703442008522,0.9264783219243573,0.3046256328600822,0.02627905332054771,0.07794285193085608,0.08312250087638746,True,True,True
symmetric_contaminated,14,2000,0.25,0.008367394721529081,0.008367394721529028,0.0001441750746525379,0.9999999999999936,0.21455530126585645,0.7468608287873043,0.5121708375203448,0.21455530126585645,0.7468608287873043,0.2115758228308103,0.020812740366159474,0.06623648247969019,0.09308721660122989,True,True,True
symmetric_contaminated,15,2000,0.25,0.004185359172761237,0.004185359172761155,6.0551419449787204e-05,0.9999999999999803,0.2207024156354801,0.7670804972524385,0.5516555621125305,0.2207024156354801,0.7670804972524385,0.2278868122172528,0.023475629127895605,0.09169588578704271,0.09952740798102185,True,True,True
symmetric_contaminated,16,2000,0.25,0.015338985735873738,0.015338985735873948,3.468452992415071e-05,1.0000000000000138,0.20385757409061872,0.8660569817722783,0.6991777624931198,0.20385757409061872,0.8660569817722783,0.2888276714868809,0.024023997712342714,0.06903894416129068,0.08781710108801329,True,True,True
symmetric_contaminated,17,2000,0.25,0.058223634214131,0.05822363421413091,0.00023794805821121735,0.9999999999999984,0.19686218310520387,0.6277430196378667,0.4032583534581363,0.19686218310520387,0.6277430196378667,0.16658449036140954,0.020871580198192848,0.07389197648569545,0.06753442170776752,True,False,False
symmetric_contaminated,18,2000,0.25,0.033575454083846455,0.03357545408384613,0.00030211160967103944,0.9999999999999903,0.17313500218491287,0.6763410094555671,0.437728350025504,0.17313500218491287,0.6763410094555671,0.18082391469494846,0.020778598600232935,0.06726363931888468,0.08096952261185479,True,True,False
symmetric_contaminated,19,2000,0.25,0.011089001007165334,0.011089001007165554,7.243325718438875e-05,1.0000000000000198,0.22453169879639065,0.8548593858724706,0.6909584852513638,0.22453169879639065,0.8548593858724706,0.28543231935414665,0.02297026287803309,0.06111911610910263,0.08917889381687305,True,True,True
symmetric_contaminated,20,2000,0.25,0.013506670197431287,0.013506670197431537,0.00010647773857436613,1.0000000000000184,0.21038857986818543,0.8650680986007495,0.6725547164428202,0.21038857986818543,0.8650680986007495,0.27782979253378465,0.026546856529067606,0.08389292437713328,0.0885247499188307,True,True,True
symmetric_contaminated,21,2000,0.25,0.0006192056011490092,0.0006192056011489859,4.3905589623117475e-05,0.9999999999999624,0.18174537761214396,0.7950622184771381,0.5811070283383422,0.18174537761214396,0.7950622184771381,0.24005310077532088,0.02171621250356483,0.0683896093827788,0.10725720540854332,True,True,True
symmetric_contaminated,22,2000,0.25,0.010476919731056964,0.010476919731056376,0.00016248448710294808,0.9999999999999438,0.21048388071534738,0.8592855882332826,0.6759516927859376,0.21048388071534738,0.8592855882332826,0.2792330705267499,0.02402788505339432,0.07314228971081425,0.09144412818033856,True,True,True
symmetric_contaminated,23,2000,0.25,9.240021167906483e-05,9.240021167906383e-05,5.090890515135516e-06,0.9999999999999891,0.202516482565936,0.8095285231559894,0.60166870997703,0.202516482565936,0.8095285231559894,0.24854705316931577,0.021339098579083768,0.06334414400073836,0.10108590068438221,True,True,True
symmetric_contaminated,24,2000,0.25,0.025201481473509247,0.02520148147350932,5.8713320973506195e-05,1.0000000000000029,0.18157110739576998,0.6939412554214212,0.44446900209584594,0.18157110739576998,0.6939412554214212,0.18360845239940501,0.019672622500118735,0.09037740866348569,0.08201184535691979,True,True,True
symmetric_contaminated,25,2000,0.25,0.02392495343478532,0.02392495343478479,0.00022171220065900023,0.9999999999999778,0.19987477161158287,0.6887933701859408,0.48442281559318023,0.19987477161158287,0.6887933701859408,0.2001132206264558,0.022040321043165823,0.08411775023213736,0.10941467211705337,True,True,True
symmetric_contaminated,26,2000,0.25,0.02411259349242092,0.02411259349242092,6.959723926312998e-05,1.0,0.15771250899844597,0.6973203916107477,0.46326215975350915,0.15771250899844597,0.6973203916107477,0.19137183427069587,0.020863885370110285,0.07262238748858516,0.09043638718010674,False,True,True
symmetric_contaminated,27,2000,0.25,0.00878611764977416,0.0087861176497746,6.402246471090985e-05,1.0000000000000502,0.20172438839566648,0.7368242773021539,0.5206795946099403,0.20172438839566648,0.7368242773021539,0.2150907579864582,0.02158893823640427,0.07313098047927971,0.09466887413544305,True,True,True
symmetric_contaminated,28,2000,0.25,0.0013946539557443537,0.0013946539557443214,0.00020795243927820638,0.9999999999999768,0.1950032801085219,0.8286073621823625,0.6247834741263034,0.1950032801085219,0.8286073621823625,0.2580956742272812,0.022600614567247403,0.06088381901780161,0.09318405785599077,True,True,True
symmetric_contaminated,29,2000,0.25,0.008346860940795602,0.008346860940795613,0.00020819550440671485,1.0000000000000013,0.1695129451526424,0.7486284922646493,0.5148304113514477,0.1695129451526424,0.7486284922646493,0.21267448265380823,0.02041174428155477,0.07338160116921542,0.10241842447772975,True,True,True
symmetric_contaminated,30,2000,0.25,0.005496014794107167,0.005496014794107146,0.0002462122169781384,0.9999999999999962,0.1696266665732779,0.8473509504487478,0.6564311218719154,0.1696266665732779,0.8473509504487478,0.2711691970089675,0.021794047200748262,0.06006727257225356,0.1010999049226526,True,True,True
symmetric_contaminated,31,2000,0.25,0.013065049154926586,0.013065049154926428,0.00018622460917799806,0.9999999999999879,0.22707254111553574,0.7322941111049482,0.5150821182069802,0.22707254111553574,0.7322941111049482,0.21277846179742654,0.02337234467241569,0.08430495041175207,0.08771052638945263,True,True,True
symmetric_contaminated,32,2000,0.25,0.010405853619365139,0.010405853619365213,0.0001039707433309652,1.000000000000007,0.20231180446328434,0.861387056870151,0.6768897898469319,0.20231180446328434,0.861387056870151,0.2796205948507368,0.02414916670616521,0.06766307114065144,0.08824206030335943,True,True,True
symmetric_contaminated,33,2000,0.25,0.013054912905707042,0.01305491290570661,3.461076227669628e-06,0.9999999999999669,0.18235646190966132,0.8614474165818815,0.6961668387587474,0.18235646190966132,0.8614474165818815,0.28758387035664557,0.023176959121396147,0.06841544530850584,0.0920633940413274,True,True,True
symmetric_contaminated,34,2000,0.25,0.00015168708906446705,0.00015168708906446296,3.173659176933346e-05,0.999999999999973,0.18806470004789408,0.7971612079690549,0.5985723606467197,0.18806470004789408,0.7971612079690549,0.24726796305066834,0.023352473084427026,0.08556072710393482,0.10153332566125675,True,True,True
symmetric_contaminated,35,2000,0.25,0.0022934565418362045,0.0022934565418362284,6.95783807929406e-05,1.0000000000000104,0.20080110164492293,0.8352042950000084,0.6421121025113466,0.20080110164492293,0.8352042950000084,0.26525406463241524,0.020847532944783694,0.0581913598974598,0.10602307012150275,True,True,True
symmetric_contaminated,36,2000,0.25,0.08120503051040245,0.08120503051040333,0.00023434098021453864,1.0000000000000107,0.2271767928947422,0.9630666503416115,0.7873974725528977,0.2271767928947422,0.9630666503416115,0.32527089780597357,0.026018183875494934,0.08276783292514284,0.08079738360688597,True,False,False
symmetric_contaminated,37,2000,0.25,0.006596701516934041,0.006596701516934294,5.091401571359838e-05,1.0000000000000384,0.19725430163031596,0.8441329530473922,0.6564108172237227,0.19725430163031596,0.8441329530473922,0.2711608092361122,0.02554895064533438,0.08138230840706463,0.09035973133189319,True,True,True
symmetric_contaminated,38,2000,0.25,0.01166554009847058,0.011665540098470633,5.6352622993361826e-05,1.0000000000000047,0.17190539103827113,0.7442751563926955,0.47349871864548854,0.17190539103827113,0.7442751563926955,0.1956005177721076,0.019311846344425867,0.06085120639154981,0.1005124113810169,True,True,True
symmetric_contaminated,39,2000,0.25,0.001283820174987551,0.0012838201749875437,2.307859475776882e-05,0.9999999999999944,0.18319954617336337,0.7769722638155274,0.5754178263555895,0.18319954617336337,0.7769722638155274,0.23770291309853053,0.022104944298509423,0.07489631719575551,0.10357126772330999,True,True,True
symmetric_contaminated,40,2000,0.25,0.017690619053348032,0.017690619053347897,3.8705398163835686e-05,0.9999999999999923,0.18574327853323996,0.7224242448279108,0.45632156496784754,0.18574327853323996,0.7224242448279108,0.18850470099184513,0.019800752676254342,0.061213911545291017,0.08866504316055199,True,True,True
symmetric_contaminated,41,2000,0.25,0.016426953708846035,0.01642695370884605,3.229985319529377e-05,1.0000000000000009,0.1929511181206951,0.715944259604231,0.486924200338491,0.1929511181206951,0.715944259604231,0.20114653314043515,0.02115961130846251,0.07838311686371512,0.09296783716841153,True,True,True
symmetric_contaminated,42,2000,0.25,0.027896347163114142,0.02789634716311493,0.00019897682824637092,1.0000000000000282,0.21337133206562944,0.8815732361709674,0.7192224134149985,0.21337133206562944,0.8815732361709674,0.2971080404604164,0.025973646504193846,0.08384872459442469,0.09269080733889261,True,True,True
symmetric_contaminated,43,2000,0.25,0.04181605746822417,0.041816057468224276,3.761124837346787e-05,1.0000000000000024,0.20795659900663552,0.9140362658996369,0.7639968605325207,0.20795659900663552,0.9140362658996369,0.31560419408085283,0.023924719732672777,0.06919752425581291,0.08943065085994285,True,True,True
symmetric_contaminated,44,2000,0.25,0.020807474636230377,0.020807474636230346,0.00016913758452612,0.9999999999999984,0.2112685542045385,0.7107085079322634,0.4931407372590089,0.2112685542045385,0.7107085079322634,0.20371456087212828,0.02335235472511455,0.08507987724669704,0.07836587865778646,True,True,True
symmetric_contaminated,45,2000,0.25,0.0011039477636555037,0.0011039477636555182,4.260641922265664e-05,1.000000000000013,0.1862675300843862,0.7813262822218423,0.57699694403212,0.1862675300843862,0.7813262822218423,0.23835524059803453,0.023467613861432066,0.0769178712928027,0.09517727135447011,True,True,True
symmetric_contaminated,46,2000,0.25,0.0028237720521505274,0.002823772052150751,0.0001449106115680681,1.0000000000000793,0.19187329502093592,0.7734880848620767,0.5476524596587928,0.19187329502093592,0.7734880848620767,0.22623314583588122,0.021503487894512632,0.06744592624455986,0.09885745122667626,True,True,True
symmetric_contaminated,47,2000,0.25,0.004976410196083856,0.004976410196083955,4.427248927610093e-05,1.0000000000000198,0.2070750244478152,0.7633680426398746,0.5371044706954266,0.2070750244478152,0.7633680426398746,0.2218758117577857,0.022434682467613133,0.07376352466932692,0.095531073741274,True,True,True
symmetric_contaminated,48,2000,0.25,0.00113901606896469,0.0011390160689646735,3.6513131594240036e-05,0.9999999999999856,0.20940235727161424,0.7751946945615305,0.5805226906690932,0.20940235727161424,0.7751946945615305,0.23981171310908628,0.023684888625826683,0.07104883693636094,0.088638923332995,True,True,True
symmetric_contaminated,49,2000,0.25,0.0006702955526664446,0.0006702955526664391,1.6245644327315245e-05,0.9999999999999918,0.22538575037535657,0.7963134749274652,0.6026504957899965,0.22538575037535657,0.7963134749274652,0.24895262515039074,0.024523977834418113,0.08462851090476688,0.09365186864394959,True,True,True
symmetric_contaminated,50,2000,0.25,0.000206138784437945,0.0002061387844379436,0.00011230166209287022,0.9999999999999933,0.1858042084893619,0.7987174276063304,0.5981932687148551,0.1858042084893619,0.7987174276063304,0.24711136161705044,0.022892752677607875,0.07371216888421453,0.09639291477322914,True,True,True
symmetric_contaminated,51,2000,0.25,0.011566100781644693,0.011566100781644483,0.0002994441146652601,0.9999999999999819,0.15085064810354373,0.7404256932095278,0.5053425931866503,0.15085064810354373,0.7404256932095278,0.20875510109588022,0.020611740069257763,0.07194342555087843,0.09375062417490104,False,True,True
symmetric_contaminated,52,2000,0.25,0.03766377059452195,0.03766377059452125,8.772921722271331e-05,0.9999999999999813,0.20287367098841508,0.9061810342278073,0.7474182759629905,0.20287367098841508,0.9061810342278073,0.30875564392002935,0.02487860927600472,0.06697167626522037,0.08560398037143735,True,True,True
symmetric_contaminated,53,2000,0.25,0.0011056304628669052,0.0011056304628669282,2.462781270087227e-05,1.0000000000000209,0.1779860126624751,0.8168018496219716,0.619131559197661,0.1779860126624751,0.8168018496219716,0.2557608896905699,0.022227226508233455,0.07756978777205921,0.10345853567578893,True,True,True
symmetric_contaminated,54,2000,0.25,0.01858732606576397,0.01858732606576406,0.00013156089708432782,1.0000000000000049,0.16690272114272936,0.7036934590682165,0.49054433920343704,0.16690272114272936,0.7036934590682165,0.20264199872145283,0.021010555611931037,0.0838608631876225,0.09505435301198112,True,True,True
symmetric_contaminated,55,2000,0.25,0.0006964927079692079,0.0006964927079691902,9.145219920024167e-05,0.9999999999999745,0.19120844069691753,0.825000450601484,0.6095946645432868,0.19120844069691753,0.825000450601484,0.2518212348216607,0.021358384791366522,0.07909413824018939,0.11553048948447542,True,True,True
symmetric_contaminated,56,2000,0.25,0.014070044406046825,0.014070044406046657,5.789939424112257e-05,0.999999999999988,0.1617223676554738,0.7117782572721497,0.5290751278498854,0.1617223676554738,0.7117782572721497,0.2185589208009315,0.023019437893830392,0.12056967144939883,0.12550583169834037,True,True,True
symmetric_contaminated,57,2000,0.25,0.02635890549810163,0.02635890549810154,6.670494208621327e-05,0.9999999999999966,0.20600104358398433,0.8948767272793872,0.7175648274438403,0.20600104358398433,0.8948767272793872,0.2964232980071773,0.024328998511591125,0.07676390669111678,0.08510186854117824,True,True,True
symmetric_contaminated,58,2000,0.25,0.004303796488895219,0.004303796488895398,0.00011888611023121692,1.0000000000000415,0.21144457997725313,0.8311710923290907,0.6492534932561719,0.21144457997725313,0.8311710923290907,0.2682041459574437,0.02508640237255527,0.07597862026964589,0.08653272699944886,True,True,True
symmetric_contaminated,59,2000,0.25,0.003072536501031335,0.003072536501031159,4.381391605192938e-05,0.9999999999999427,0.18908430187316821,0.8310285098286825,0.647877910939825,0.18908430187316821,0.8310285098286825,0.2676358981402458,0.022744671691549825,0.067750918122497,0.10064460937013395,True,True,True
symmetric_contaminated,60,2000,0.25,0.016980127985548796,0.01698012798554906,3.6363295415678633e-06,1.0000000000000155,0.18487075891093752,0.7098735149620155,0.5051552463758617,0.18487075891093752,0.7098735149620155,0.20867770884168663,0.022620746312352048,0.08383884624031272,0.08539669145940217,True,True,True
symmetric_contaminated,61,2000,0.25,0.0031663718293830465,0.0031663718293829268,7.019359946314512e-05,0.9999999999999623,0.17344035829540705,0.8228385612441794,0.6542042206275867,0.17344035829540705,0.8228385612441794,0.270249272584115,0.0210886524358856,0.05942324475461408,0.10554670694901583,True,True,True
symmetric_contaminated,62,2000,0.25,0.08979703580414647,0.08979703580414602,0.00013717296659498994,0.999999999999995,0.16087611904044724,0.555883415468067,0.39303773641164613,0.16087611904044724,0.555883415468067,0.16236239237566916,0.021335727052341505,0.09544338552134479,0.07135523293167012,True,False,False
symmetric_contaminated,63,2000,0.25,0.04105756050510599,0.04105756050510492,7.519630572535103e-05,0.999999999999974,0.17636696113360872,0.915696774628229,0.7383886139643112,0.17636696113360872,0.915696774628229,0.3050255249298419,0.025298611982089002,0.08091013814980688,0.08017025017904937,True,True,True
symmetric_contaminated,64,2000,0.25,0.0034201507521477163,0.0034201507521477484,0.0004649222065811761,1.0000000000000093,0.20798779034079148,0.7535082096415301,0.5647494628455743,0.20798779034079148,0.7535082096415301,0.23329585275355308,0.02254268449048052,0.06859525802228872,0.08751164173605201,True,True,True
symmetric_contaminated,65,2000,0.25,0.020555395564327783,0.020555395564327655,3.7437156110303504e-05,0.9999999999999938,0.17303740329737913,0.7048921285299931,0.47415468347355255,0.17303740329737913,0.7048921285299931,0.1958714943449204,0.020878234195750967,0.0730246975523984,0.08556116432930302,True,True,True
symmetric_contaminated,66,2000,0.25,0.07149723467419121,0.07149723467418981,0.00018862489091594944,0.9999999999999803,0.23615293875747387,0.9402849503600728,0.7999155455957316,0.23615293875747387,0.9402849503600728,0.3304420661159762,0.024841015798729774,0.0693646513650102,0.07417793888869148,True,False,False
symmetric_contaminated,67,2000,0.25,0.02235546805522923,0.022355468055229002,9.574072637631546e-05,0.9999999999999898,0.18745987007759965,0.7310601325255782,0.38316808223123416,0.18745987007759965,0.7310601325255782,0.15828527581357438,0.017805836163725965,0.0507231869283761,0.09257923673359343,True,True,False
symmetric_contaminated,68,2000,0.25,0.00010456324449465488,0.00010456324449466176,5.8167696196614675e-05,1.000000000000066,0.20803239273864604,0.7970125828529229,0.6049523606171536,0.20803239273864604,0.7970125828529229,0.24990351674587713,0.024124771891507725,0.06946546902545074,0.08689774520149869,True,True,True
symmetric_contaminated,69,2000,0.25,0.0016467564030339635,0.001646756403034097,8.453515719285173e-05,1.000000000000081,0.18738148324913947,0.8214992356595374,0.6311574581820406,0.18738148324913947,0.8214992356595374,0.2607287427710366,0.02344080204195145,0.06966784929095986,0.09089540541367279,True,True,True
symmetric_contaminated,70,2000,0.25,0.0062119309777779845,0.006211930977778197,0.00013926466477519415,1.0000000000000342,0.16221081035264553,0.7582317821920386,0.539671088470111,0.16221081035264553,0.7582317821920386,0.22293607178781769,0.021949833203932154,0.07901120950859424,0.10312300585587328,True,True,True
symmetric_contaminated,71,2000,0.25,0.00014307219398736735,0.00014307219398739256,2.3907369501383612e-05,1.000000000000176,0.19758790387727346,0.8046803644624585,0.6103377908803176,0.19758790387727346,0.8046803644624585,0.2521282174819508,0.023384680884289903,0.09115904341026997,0.10698656619758723,True,True,True
symmetric_contaminated,72,2000,0.25,0.008236517473900964,0.008236517473900805,0.0001967500948150885,0.9999999999999806,0.21016016921682285,0.7423822597931498,0.5247751780159737,0.21016016921682285,0.7423822597931498,0.2167826278970918,0.02232570706732772,0.06960847127966395,0.09034902578031871,True,True,True
symmetric_contaminated,73,2000,0.25,0.008877763142092158,0.0088777631420921,0.00011342306762488544,0.9999999999999936,0.20967106719903553,0.8608979889874784,0.6882687830043394,0.20967106719903553,0.8608979889874784,0.28432121359724793,0.021465540568031995,0.05966396608848634,0.09954915184839727,True,True,True
symmetric_contaminated,74,2000,0.25,0.0033896737837531316,0.003389673783753076,0.0001469726289549803,0.9999999999999836,0.23891548496113613,0.8181129339605281,0.6341688028944726,0.23891548496113613,0.8181129339605281,0.26197271780570286,0.02460283878084574,0.08095525769874903,0.09491714464952322,True,True,True
symmetric_contaminated,75,2000,0.25,0.005495730609017956,0.005495730609018103,4.443548766962062e-05,1.0000000000000269,0.20020506299603294,0.8468029529001194,0.6636045575555011,0.20020506299603294,0.8468029529001194,0.27413251597618343,0.022456402556328865,0.056984843913097764,0.09232244245658894,True,True,True
symmetric_contaminated,76,2000,0.25,0.04699085645757939,0.04699085645757915,0.00010357667193402113,0.999999999999995,0.20640317866851834,0.9094253504159506,0.7686206899727155,0.20640317866851834,0.9094253504159506,0.31751428041683927,0.024933505344203185,0.074487810236209,0.0831937211186195,True,True,False
symmetric_contaminated,77,2000,0.25,0.021249466611961945,0.021249466611962108,1.5060252310949585e-05,1.0000000000000078,0.17654067067454443,0.8893199577054027,0.7268009140777068,0.17654067067454443,0.8893199577054027,0.30023869022817534,0.022054025333598404,0.0631206767571432,0.09973636652967735,True,True,True
symmetric_contaminated,78,2000,0.25,0.0004078660358243533,0.0004078660358242403,0.00015544668486795537,0.9999999999997229,0.20049072256294379,0.8073357951581446,0.6170626265771549,0.20049072256294379,0.8073357951581446,0.25490622150273423,0.024252789362811424,0.08521286431607894,0.09347159233284259,True,True,True
symmetric_contaminated,79,2000,0.25,0.022857379544097504,0.022857379544097584,1.594201876813833e-05,1.0000000000000036,0.2155413234411199,0.8826352789043713,0.7183517900341744,0.2155413234411199,0.8826352789043713,0.2967483892567948,0.024312210477050417,0.06447947848309012,0.0901730939841501,True,True,True
symmetric_contaminated,80,2000,0.25,0.010588695214188426,0.010588695214188527,7.522471415892714e-05,1.0000000000000095,0.20612338832084381,0.8550283160869638,0.6687836509717516,0.20612338832084381,0.8550283160869638,0.2762719797464476,0.025917437557684803,0.086134198000933,0.08563877869754918,True,True,True
symmetric_contaminated,81,2000,0.25,0.03139940791222365,0.03139940791222354,1.6843754006413415e-05,0.9999999999999964,0.2206784901442232,0.895978692275856,0.7346153065922288,0.2206784901442232,0.895978692275856,0.3034667860217337,0.02483187624586471,0.06323710175857312,0.08769799950786958,True,True,True
symmetric_contaminated,82,2000,0.25,0.0008104665016179607,0.0008104665016181019,0.0001354012013036255,1.000000000000174,0.20267926375025816,0.8094301608567395,0.6257495405655082,0.20267926375025816,0.8094301608567395,0.25849475259491,0.023978860764042882,0.06665872202726605,0.08804258844713292,True,True,True
symmetric_contaminated,83,2000,0.25,0.06863311878483384,0.06863311878483379,8.15223219315665e-05,0.9999999999999992,0.17360856898854682,0.5982217464677119,0.3745980580770571,0.17360856898854682,0.5982217464677119,0.1547450314668272,0.020107067092415224,0.0780638311538855,0.0634090205817652,True,False,False
symmetric_contaminated,84,2000,0.25,0.07790250830765197,0.07790250830765297,7.061677671600784e-05,1.0000000000000129,0.21593239796014277,0.5919337600803667,0.4047121904471639,0.21593239796014277,0.5919337600803667,0.16718506488592577,0.02212139970192722,0.09964275953033153,0.05982480793092928,True,False,False
symmetric_contaminated,85,2000,0.25,0.07111581992199942,0.07111581992200032,1.525733347627753e-05,1.0000000000000127,0.20493478950478453,0.9567421575739891,0.7898294371862695,0.20493478950478453,0.9567421575739891,0.3262755331360371,0.024775609532073223,0.0783823545654681,0.07455541384822272,True,False,False
symmetric_contaminated,86,2000,0.25,0.0619513870647796,0.06195138706477984,2.850530141903892e-05,1.0000000000000038,0.22850994173167424,0.6215906318187451,0.4407929850672812,0.22850994173167424,0.6215906318187451,0.18208990376175865,0.023389535142667086,0.08664039215234311,0.07407570056752069,True,False,False
symmetric_contaminated,87,2000,0.25,0.0035563288681933155,0.0035563288681931065,3.548710504994309e-05,0.9999999999999413,0.17772692530710593,0.8336355897488001,0.6497718715301615,0.17772692530710593,0.8336355897488001,0.2684182860486427,0.02168532715039772,0.06991462157233594,0.10464914960086348,True,True,True
symmetric_contaminated,88,2000,0.25,0.00025487938781636486,0.00025487938781638817,3.009367648387183e-05,1.0000000000000915,0.2036018100372509,0.7923299374561796,0.5843154595306536,0.2036018100372509,0.7923299374561796,0.2413784914843965,0.022155893546516824,0.05224884810047469,0.08969784062383283,True,True,True
symmetric_contaminated,89,2000,0.25,0.06907945399304245,0.06907945399304265,3.4009663287586896e-05,1.0000000000000029,0.14923422710049683,0.6033209648420779,0.3297716143561996,0.14923422710049683,0.6033209648420779,0.13622739824753474,0.018592025373076485,0.06398944371611802,0.06492828260189695,False,False,False
symmetric_contaminated,90,2000,0.25,0.026477616048593836,0.026477616048594374,0.00019032248121887146,1.0000000000000202,0.1470186159587981,0.6881206077705865,0.441710246236326,0.1470186159587981,0.6881206077705865,0.1824688208581137,0.01985408517270242,0.057590316154318574,0.09058767527228095,False,True,True
symmetric_contaminated,91,2000,0.25,0.07152000328650365,0.07152000328650313,5.976592485939479e-05,0.9999999999999927,0.19092056008825137,0.9530024270414094,0.8337798891346194,0.19092056008825137,0.9530024270414094,0.34443129748954343,0.022694334467607366,0.06463332247678896,0.08302586297430062,True,False,False
symmetric_contaminated,92,2000,0.25,0.002499925110514323,0.0024999251105144306,0.0002487589826397054,1.000000000000043,0.21695506383874746,0.827063949675902,0.632139917303395,0.21695506383874746,0.827063949675902,0.26113459289324265,0.02478917287077403,0.09667861038848541,0.09640581416457222,True,True,True
symmetric_contaminated,93,2000,0.25,0.001001919164570793,0.0010019191645708001,8.097703412472519e-05,1.000000000000007,0.17933376372220797,0.820171648122075,0.6161482607887041,0.17933376372220797,0.820171648122075,0.2545285004770784,0.021101036818166895,0.061073398266692794,0.1036073005148668,True,True,True
symmetric_contaminated,94,2000,0.25,0.0024457916677166343,0.0024457916677167557,0.0001546467808684428,1.0000000000000497,0.21946806097623048,0.7879285516273071,0.5531215929349148,0.21946806097623048,0.7879285516273071,0.22849242396789937,0.022226271817129363,0.07109535532253916,0.09859379624804564,True,True,True
symmetric_contaminated,95,2000,0.25,0.00912559354549285,0.009125593545492517,2.5497684880205347e-05,0.9999999999999635,0.18531692302472244,0.7366458801457,0.5211180314217253,0.18531692302472244,0.7366458801457,0.2152718745640108,0.021760363231467014,0.06911367611994572,0.09413200573454487,True,True,True
symmetric_contaminated,96,2000,0.25,0.0017178169863543292,0.0017178169863543208,1.2679747778622069e-05,0.9999999999999951,0.23918572713386904,0.8007238334989206,0.6095877596921575,0.23918572713386904,0.8007238334989206,0.25181838245395055,0.026148011064800275,0.07546737928744647,0.08419713426532867,True,True,True
symmetric_contaminated,97,2000,0.25,0.0024419592297604317,0.0024419592297604425,4.4227850615312665e-05,1.0000000000000044,0.2427780586513697,0.7888128814061942,0.5794197515652576,0.2427780586513697,0.7888128814061942,0.23935609316485787,0.02492343639001092,0.08075124120927958,0.08626880828583429,True,True,True
symmetric_contaminated,98,2000,0.25,0.0019201317344933252,0.0019201317344934607,3.935739479394385e-05,1.0000000000000706,0.18253117786002804,0.7758846806789054,0.5659779154763014,0.18253117786002804,0.7758846806789054,0.2338033218578324,0.022313220993573843,0.09097111462867737,0.11366266436647277,True,True,True
symmetric_contaminated,99,2000,0.25,0.005629533708540462,0.005629533708540496,8.817240408918767e-05,1.000000000000006,0.1804793980865168,0.7618174774245308,0.5170356760279695,0.1804793980865168,0.7618174774245308,0.21358546909488266,0.02029295217395644,0.05388416930119048,0.0986970557505209,True,True,True
symmetric_contaminated,100,2000,0.25,0.01532253998430043,0.015322539984300793,2.437078843677331e-05,1.0000000000000238,0.19753209457900048,0.862583269876102,0.7132034873598065,0.19753209457900048,0.862583269876102,0.2946216450247634,0.02327525972474111,0.0556988816546232,0.08357917150436418,True,True,True
symmetric_contaminated,101,2000,0.25,0.01271782482476704,0.012717824824766659,3.111074405764592e-05,0.99999999999997,0.21615816819082137,0.86291300576957,0.6907616646857403,0.21615816819082137,0.86291300576957,0.2853510135279028,0.023653972978481284,0.06365499478697004,0.0909799064701896,True,True,True
symmetric_contaminated,102,2000,0.25,0.0004221415129804026,0.0004221415129804037,5.315736826867113e-06,1.0000000000000027,0.1979136862432169,0.8147056508848002,0.6164502912800028,0.1979136862432169,0.8147056508848002,0.2546532681230183,0.021800353821675156,0.06445689078260193,0.10207099885593073,True,True,True
symmetric_contaminated,103,2000,0.25,0.02312527085757996,0.023125270857579892,5.2299133186579334e-05,0.9999999999999971,0.25235096216603253,0.8733134287856348,0.7000613605517412,0.25235096216603253,0.8733134287856348,0.2891926824804965,0.025961040315204825,0.0668462304732482,0.08067710543151464,False,True,True
symmetric_contaminated,104,2000,0.25,0.02729085663202941,0.02729085663202939,0.00016309992905556029,0.9999999999999992,0.21951762124196347,0.6893661938657132,0.48734884171152615,0.21951762124196347,0.6893661938657132,0.20132195087476562,0.023837349300677498,0.09144810230017175,0.07581691695064294,True,True,True
symmetric_contaminated,105,2000,0.25,0.0004608558446347856,0.0004608558446347981,6.614245065429585e-05,1.000000000000027,0.21830241468101422,0.7940011906705223,0.5895086651960708,0.21830241468101422,0.7940011906705223,0.24352378497105798,0.022313955017895175,0.06429152226417206,0.09553256754415056,True,True,True
symmetric_contaminated,106,2000,0.25,0.00210565274116582,0.0021056527411657954,7.56324441769308e-05,0.9999999999999882,0.22452633944044537,0.7796359422637517,0.5654830723794304,0.22452633944044537,0.7796359422637517,0.2335989040586875,0.022246309757892817,0.08465219290407891,0.10509742044390714,True,True,True
symmetric_contaminated,107,2000,0.25,0.0019033588977114965,0.0019033588977112792,3.71914971624179e-05,0.9999999999998859,0.19332389676928907,0.8243752093432145,0.6298229605159827,0.19332389676928907,0.8243752093432145,0.26017746686643806,0.025205507503388607,0.08524186740172751,0.09056733303460363,True,True,True
symmetric_contaminated,108,2000,0.25,0.001580517192211464,0.0015805171922115408,2.0357297769306345e-05,1.0000000000000486,0.2012042082236971,0.7749195890412318,0.5714872369624235,0.2012042082236971,0.7749195890412318,0.2360792015863803,0.023745217236693292,0.07999181013940283,0.09009859062051458,True,True,True
symmetric_contaminated,109,2000,0.25,0.003594324714918808,0.0035943247149187786,2.739077885067317e-05,0.9999999999999918,0.1713292608120153,0.7681459823132263,0.5509579425523596,0.1713292608120153,0.7681459823132263,0.22759862823321206,0.021645718249089126,0.06466278613073649,0.09873053497902942,True,True,True
symmetric_contaminated,110,2000,0.25,0.002054786845591565,0.0020547868455916074,0.0002765584314580508,1.0000000000000207,0.23858167768135158,0.8206314197740349,0.6080352891176508,0.23858167768135158,0.8206314197740349,0.2511770627708315,0.024037126081012626,0.07625918207028899,0.09610960125772548,True,True,True
symmetric_contaminated,111,2000,0.25,0.03387032758999501,0.033870327589995475,1.799898636367528e-05,1.0000000000000138,0.1677998205008728,0.6740554941663293,0.42960438161606995,0.1677998205008728,0.6740554941663293,0.17746793427794577,0.02018986860070235,0.06473611079645093,0.08525496607562251,True,True,False
symmetric_contaminated,112,2000,0.25,0.006396190476598476,0.006396190476598284,0.00018673785430454656,0.9999999999999699,0.212062656853694,0.8568337053758917,0.669138533557316,0.212062656853694,0.8568337053758917,0.27641858039128725,0.02152253608340625,0.04970745795385867,0.09796935349288523,True,True,True
symmetric_contaminated,113,2000,0.25,0.006462216470690464,0.006462216470690329,1.6100000737054442e-05,0.9999999999999792,0.226240964628095,0.8410055544396651,0.6503211214131934,0.226240964628095,0.8410055544396651,0.2686451790839924,0.026026188788705912,0.07745803588866772,0.09053774989425353,True,True,True
symmetric_contaminated,114,2000,0.25,0.004614641084702478,0.004614641084702617,0.00023790970407593884,1.0000000000000302,0.18099408795574362,0.8470513527842942,0.6456237271062087,0.18099408795574362,0.8470513527842942,0.2667047033816423,0.02307224126231699,0.07889342238230182,0.10289379389385221,True,True,True
symmetric_contaminated,115,2000,0.25,0.0006717423515939987,0.0006717423515940812,0.0001346971347935222,1.0000000000001228,0.1840737565394295,0.8042124281745114,0.6199382829340928,0.1840737565394295,0.8042124281745114,0.2560941441943979,0.022734478791756413,0.0853041333027926,0.10264117747902063,True,True,True
symmetric_contaminated,116,2000,0.25,0.0036620649787311105,0.0036620649787310992,0.00014186781718358228,0.9999999999999969,0.2162021825546195,0.7681506733382016,0.5445881436575649,0.2162021825546195,0.7681506733382016,0.22496728856350762,0.021937972281111762,0.05591107524837263,0.08693361794460101,True,True,True
symmetric_contaminated,117,2000,0.25,0.022215756206826132,0.02221575620682651,7.075387098187444e-05,1.000000000000017,0.21321713366256453,0.8898287044052215,0.7044699438945952,0.21321713366256453,0.8898287044052215,0.29101385147324665,0.02450260746525782,0.07815520806704682,0.09099158616881826,True,True,True
symmetric_contaminated,118,2000,0.25,0.014295944428600325,0.014295944428601003,0.00011795243293675577,1.0000000000000475,0.22643626532228728,0.7246330609851913,0.5208336983906102,0.22643626532228728,0.7246330609851913,0.21515441767148527,0.0238368945365521,0.09890455484162541,0.08558235576566688,True,True,True
symmetric_contaminated,119,2000,0.25,0.00043832122157166746,0.00043832122157169305,0.00011814228709757136,1.0000000000000584,0.21653965906778666,0.7978597091531944,0.6109171396753331,0.21653965906778666,0.7978597091531944,0.25236754426323504,0.02479886348477453,0.08043588115517328,0.09201176809934453,True,True,True
symmetric_contaminated,120,2000,0.25,0.0017906733652309046,0.0017906733652309117,2.132534560864738e-05,1.000000000000004,0.19727009058309736,0.8303489481278704,0.629915402386602,0.19727009058309736,0.8303489481278704,0.26021565425120907,0.02283718879421225,0.08149871844332221,0.10378519592068412,True,True,True
symmetric_contaminated,121,2000,0.25,0.002427015511582695,0.0024270155115826433,0.00023338180129624868,0.9999999999999787,0.19866509499144777,0.820631657997376,0.647032695240853,0.19866509499144777,0.820631657997376,0.2672867427532562,0.022583120006550075,0.06834928059692692,0.09218686009061698,True,True,True
symmetric_contaminated,122,2000,0.25,0.003352780884367186,0.0033527808843671733,0.00011322508798979361,0.9999999999999962,0.20873569231864353,0.840947170635963,0.6456832063370141,0.20873569231864353,0.840947170635963,0.26672927402541335,0.022275317652105105,0.06381039659904278,0.10451539344188654,True,True,True
symmetric_contaminated,123,2000,0.25,0.0031949843262454865,0.0031949843262453186,7.924532167492861e-05,0.9999999999999475,0.20409315100762473,0.832652788822818,0.6515056262008537,0.20409315100762473,0.832652788822818,0.26913449350163743,0.022144485722528327,0.0661781999245415,0.1027864172436683,True,True,True
symmetric_contaminated,124,2000,0.25,0.01870342217112541,0.018703422171125694,1.537402632636096e-05,1.0000000000000153,0.20914805327092859,0.706537721650096,0.4977692781852786,0.20914805327092859,0.706537721650096,0.20562659350507254,0.022486831034784504,0.09020496316736634,0.08512518723061104,True,True,True
symmetric_contaminated,125,2000,0.25,0.0014666201327842984,0.0014666201327842496,0.00017552921146561998,0.9999999999999667,0.1985620087472582,0.8302716367350393,0.623770412943347,0.1985620087472582,0.8302716367350393,0.2576771825099477,0.02310524303154747,0.07219694446409068,0.10202087064994349,True,True,True
symmetric_contaminated,126,2000,0.25,0.005214696532041969,0.005214696532041956,9.366265527449664e-05,0.9999999999999976,0.2133195021571643,0.849701614060972,0.6536692483718073,0.2133195021571643,0.849701614060972,0.2700282775822211,0.022708938779509028,0.07345764905986445,0.10427429482095153,True,True,True
symmetric_contaminated,127,2000,0.25,0.11726131427077627,0.11726131427077613,4.9337930931473705e-05,0.9999999999999988,0.21443074023948358,1.0020337885226134,0.8286210110864967,0.21443074023948358,1.0020337885226134,0.3423001846108806,0.025489885292487868,0.08437857223563322,0.0631413704078043,True,False,False
symmetric_contaminated,128,2000,0.25,0.011010257553792525,0.011010257553792584,6.661844926187806e-05,1.0000000000000053,0.18229885801855703,0.7264639158747385,0.5264451495918082,0.18229885801855703,0.7264639158747385,0.21747248679646125,0.02297107650017482,0.07709002222163384,0.08601583706490488,True,True,True
symmetric_contaminated,129,2000,0.25,0.002973622188683745,0.0029736221886836364,0.00014362392221804531,0.9999999999999636,0.21907527408222865,0.7752640293866125,0.5587607544124363,0.21907527408222865,0.7752640293866125,0.23082194010251444,0.02394993852015618,0.08162908189961819,0.09382895404089958,True,True,True
symmetric_contaminated,130,2000,0.25,0.008988719865644914,0.008988719865644743,1.3339681914038505e-05,0.9999999999999809,0.18589172835047843,0.7433650623341171,0.502099682847925,0.18589172835047843,0.7433650623341171,0.2074154671827035,0.020311095731442668,0.05805618935485894,0.09164265447717881,True,True,True
symmetric_contaminated,131,2000,0.25,0.028571694926813246,0.028571694926813055,3.2994015094247795e-05,0.9999999999999933,0.19328769895107856,0.6863384897312335,0.4685184648289513,0.19328769895107856,0.6863384897312335,0.1935431938833806,0.022054592830599656,0.08776947088910145,0.07632509943955486,True,True,True
symmetric_contaminated,132,2000,0.25,0.024901045586167906,0.024901045586168208,0.0001575382957056352,1.0000000000000122,0.24085868651937153,0.8962598636493332,0.6759766591824662,0.24085868651937153,0.8962598636493332,0.27924338405009536,0.028100687924314333,0.1113932405979611,0.089110876299142,True,True,True
symmetric_contaminated,133,2000,0.25,0.004595990518151719,0.00459599051815148,9.275219411267951e-05,0.9999999999999482,0.177975585510858,0.84332484320787,0.6572428954343531,0.177975585510858,0.84332484320787,0.2715045375766891,0.021125924928965856,0.07279533096295926,0.11344088276021567,True,True,True
symmetric_contaminated,134,2000,0.25,0.001703731757759671,0.0017037317577596079,5.386763994324418e-05,0.9999999999999629,0.20089532625782164,0.7772160605878211,0.5626248210905702,0.20089532625782164,0.7772160605878211,0.23241817133437717,0.022038586706306845,0.0698148065143014,0.1018698527327089,True,True,True
symmetric_contaminated,135,2000,0.25,0.03729866377288654,0.037298663772886695,7.254705674387027e-05,1.000000000000004,0.20703531011921483,0.6649365211428857,0.4303979828419501,0.20703531011921483,0.6649365211428857,0.17779576792263024,0.020723236357284295,0.07479176502499274,0.07344605269996157,True,True,False
symmetric_contaminated,136,2000,0.25,0.0076066957813331814,0.007606695781333165,0.00013504714820521796,0.9999999999999978,0.21377870352838282,0.8480689922597847,0.6690728066773185,0.21377870352838282,0.8480689922597847,0.27639142886742374,0.023437902829088468,0.07963804683801207,0.10371626492279068,True,True,True
symmetric_contaminated,137,2000,0.25,0.02592267096404998,0.025922670964050085,7.072015081475289e-05,1.000000000000004,0.1949751763054477,0.8875944326461104,0.729228967747,0.1949751763054477,0.8875944326461104,0.3012417099538691,0.02410442328974385,0.0639233836733765,0.08224721244001781,True,True,True
symmetric_contaminated,138,2000,0.25,0.02203917537088483,0.022039175370884605,1.1035263059876959e-05,0.9999999999999898,0.23271262322070652,0.8878596678854778,0.7112050385677444,0.23271262322070652,0.8878596678854778,0.2937960934380829,0.023651630376668585,0.06850707766629477,0.09721341442204488,True,True,True
symmetric_contaminated,139,2000,0.25,0.0036411481864599216,0.0036411481864599845,4.989628776243869e-05,1.0000000000000173,0.1429529180643963,0.8041954360494808,0.6203284842367935,0.1429529180643963,0.8041954360494808,0.2562553348668077,0.019906468633369437,0.05670214681766874,0.10384321829115675,False,True,True
symmetric_contaminated,140,2000,0.25,0.05508007006325231,0.055080070063252315,2.110780802367999e-05,1.0000000000000002,0.19836325507137115,0.6310026698806963,0.4374496424594537,0.19836325507137115,0.6310026698806963,0.18070878166062343,0.02284543512686547,0.08211554478628251,0.0707772352131853,True,False,False
symmetric_contaminated,141,2000,0.25,0.010385751708827622,0.010385751708827572,0.000132941598262248,0.9999999999999951,0.18310234664295283,0.7205507816484706,0.5434045785076183,0.18310234664295283,0.7205507816484706,0.22447836230662394,0.023850777447746815,0.08434937948014208,0.08976898776922716,True,True,True
symmetric_contaminated,142,2000,0.25,0.023936153783198258,0.023936153783198424,3.731562723430091e-05,1.0000000000000069,0.1574670255710349,0.7030377260950228,0.4468371488690931,0.1574670255710349,0.7030377260950228,0.18458672481444444,0.02001180299951737,0.06150101284019578,0.08237503650553855,False,True,True
symmetric_contaminated,143,2000,0.25,0.0013808878317730273,0.0013808878317731839,0.0003223438537016694,1.0000000000001135,0.21846746172014836,0.8063383015787077,0.6349695210652536,0.21846746172014836,0.8063383015787077,0.2623034914332282,0.022531911769842337,0.059687559551684324,0.09203328436682556,True,True,True
symmetric_contaminated,144,2000,0.25,0.0017506296816201508,0.0017506296816201812,8.492147809953687e-05,1.0000000000000173,0.21493448880655316,0.8315519896044722,0.6214883415092928,0.21493448880655316,0.8315519896044722,0.2567344674897877,0.02368589046113948,0.1028513001846577,0.11156975713535959,True,True,True
symmetric_contaminated,145,2000,0.25,0.010055178107197875,0.010055178107198224,9.11262703039952e-05,1.0000000000000346,0.18701108027958527,0.7293686947467019,0.5310615757084215,0.18701108027958527,0.7293686947467019,0.21937951484766474,0.023115560388314006,0.07349647279474665,0.08635501914987018,True,True,True
symmetric_contaminated,146,2000,0.25,0.0156274563622496,0.015627456362249555,7.121466286028635e-05,0.9999999999999971,0.2663875598377126,0.8651120945515289,0.672067324436246,0.2663875598377126,0.8651120945515289,0.27762845275166886,0.024336164027812104,0.06596639298602608,0.08976172636451085,False,True,True
symmetric_contaminated,147,2000,0.25,0.008272572587286984,0.00827257258728703,0.0002103003799080778,1.0000000000000056,0.2553087595092096,0.8441837653560434,0.6386837079783917,0.2553087595092096,0.8441837653560434,0.2638378079048545,0.026743739417697084,0.08004548207594481,0.08367019903582892,False,True,True
symmetric_contaminated,148,2000,0.25,0.008992800832691916,0.00899280083269177,2.8507781921501478e-05,0.9999999999999838,0.22037763867073326,0.8542182167894878,0.6656282013446134,0.22037763867073326,0.8542182167894878,0.27496847552021036,0.024855775852006545,0.08197660275261354,0.0947119943265811,True,True,True
symmetric_contaminated,149,2000,0.25,0.0044202162388583535,0.00442021623885827,0.00017055180754148248,0.9999999999999811,0.1988789039898468,0.8310855103825986,0.6571307018015824,0.1988789039898468,0.8310855103825986,0.27145819081418243,0.02358549014545818,0.06824836566582675,0.08936788168489343,True,True,True
symmetric_contaminated,150,2000,0.25,0.00026305793655362255,0.00026305793655362385,2.631441921624848e-05,1.0000000000000049,0.21187939579488918,0.8095304290647636,0.6053324984645817,0.21187939579488918,0.8095304290647636,0.2500605502432313,0.022778118398434122,0.06804743374366493,0.09460495775833162,True,True,True
symmetric_contaminated,151,2000,0.25,0.01360818623680695,0.013608186236806855,2.3740777197774677e-05,0.999999999999993,0.22996460456748027,0.8676424546750166,0.6893126178835152,0.22996460456748027,0.8676424546750166,0.28475241781131516,0.023289358735414722,0.06998446488511824,0.09112701567586981,True,True,True
symmetric_contaminated,152,2000,0.25,0.01755836640995224,0.017558366409952328,2.3994174280754414e-05,1.0000000000000049,0.19512826684458684,0.713704767328597,0.4851911113931648,0.19512826684458684,0.713704767328597,0.20043060069605448,0.021174675527302598,0.08142318163201982,0.09562146401406328,True,True,True
symmetric_contaminated,153,2000,0.25,0.08239009502940935,0.08239009502940883,9.965629087821215e-05,0.9999999999999938,0.22558174148641616,0.9396849812723186,0.7996081516305634,0.22558174148641616,0.9396849812723186,0.3303150828394037,0.026568055338885056,0.06470303944541263,0.07078982698986233,True,False,False
symmetric_contaminated,154,2000,0.25,0.004646613807672837,0.004646613807672838,9.52267336373398e-06,1.0000000000000002,0.18145462632786702,0.8367842581593498,0.6477721631352316,0.18145462632786702,0.8367842581593498,0.26759221412481593,0.024366575596770256,0.0964603556256307,0.10009964241183607,True,True,True
symmetric_contaminated,155,2000,0.25,0.023590691548785386,0.02359069154878561,0.00019675764279595946,1.0000000000000095,0.18142142756363366,0.700427682654858,0.43542439356594725,0.18142142756363366,0.700427682654858,0.1798721590540815,0.01938360929096105,0.06964268870821026,0.08102335032678741,True,True,False
symmetric_contaminated,156,2000,0.25,0.004015070350924937,0.004015070350924786,9.486225706740592e-05,0.9999999999999624,0.16302028995557144,0.8223701172835826,0.6486436867300786,0.16302028995557144,0.8223701172835826,0.26795223720342104,0.022183252877688995,0.07602111070570064,0.10216321698000107,True,True,True
symmetric_contaminated,157,2000,0.25,0.05209157718326146,0.05209157718326134,7.250298228624794e-05,0.9999999999999976,0.16758526534078091,0.6439556929011605,0.4151988649432394,0.16758526534078091,0.6439556929011605,0.17151707019104712,0.021429216682568208,0.07219396110663283,0.08341905153590941,True,False,False
symmetric_contaminated,158,2000,0.25,0.0068110477916430955,0.006811047791642974,3.8342356954847726e-05,0.9999999999999821,0.20801686374836992,0.8542385105224448,0.6626191642330855,0.20801686374836992,0.8542385105224448,0.27372545374668994,0.023068840745917325,0.0714748839512258,0.09377418196513958,True,True,True
symmetric_contaminated,159,2000,0.25,0.005861768978660276,0.005861768978660071,0.00017836173409906415,0.999999999999965,0.2069371408019172,0.8443202838268674,0.6552559596912566,0.2069371408019172,0.8443202838268674,0.27068374198670075,0.024692842023631575,0.0716646627376499,0.0898373613875593,True,True,True
symmetric_contaminated,160,2000,0.25,0.0019079102753338376,0.0019079102753338387,0.0001946826559830619,1.0000000000000007,0.15710566224828243,0.790180964547008,0.5980645703398143,0.15710566224828243,0.790180964547008,0.24705819680835484,0.02126989505255827,0.06581501120695883,0.10402268873709596,False,True,True
symmetric_contaminated,161,2000,0.25,0.027963879394327745,0.02796387939432749,8.65220151501096e-05,0.9999999999999909,0.18224187123860275,0.6848278305361658,0.45184854690597315,0.18224187123860275,0.6848278305361658,0.1866569142620111,0.020797697448621307,0.07134246392958728,0.08182111317946637,True,True,True
symmetric_contaminated,162,2000,0.25,0.006070096623716155,0.006070096623716079,9.946156634827117e-05,0.9999999999999876,0.15405521526905036,0.7546411703645243,0.5314950142032427,0.15405521526905036,0.7546411703645243,0.21955856663951032,0.01941528341129802,0.07505928343548156,0.13112438941391058,False,True,True
symmetric_contaminated,163,2000,0.25,0.013613115298717837,0.013613115298717733,0.00013869157877869297,0.9999999999999923,0.20877542011698752,0.7312258441954901,0.486052607921531,0.20877542011698752,0.7312258441954901,0.20078648163167673,0.02086567552577317,0.06785100853015844,0.0872531339403032,True,True,True
symmetric_contaminated,164,2000,0.25,0.002475550846324188,0.0024755508463241665,0.000211385943102536,0.9999999999999915,0.17123678104340578,0.7654495245205895,0.572843594388142,0.17123678104340578,0.7654495245205895,0.2366395076744598,0.02180572765056912,0.06851451687345235,0.09360619277193494,True,True,True
symmetric_contaminated,165,2000,0.25,0.020505440738415728,0.0205054407384158,4.517337454485163e-05,1.0000000000000036,0.17807168613463661,0.7105171049287153,0.45400857596299626,0.17807168613463661,0.7105171049287153,0.18754921404090993,0.02014767946867455,0.0686820704729953,0.0869126358827913,True,True,True
symmetric_contaminated,166,2000,0.25,0.005566540046513804,0.0055665400465138275,0.00011984851917769368,1.0000000000000042,0.1701009139965756,0.7580548997022412,0.5315905523338235,0.1701009139965756,0.7580548997022412,0.21959803307748038,0.0210347894836384,0.06317771750216578,0.09938029695326893,True,True,True
symmetric_contaminated,167,2000,0.25,0.022868383158332152,0.02286838315833247,0.00041188217111327744,1.000000000000014,0.16439491936312592,0.6882620353530298,0.4841908480560116,0.16439491936312592,0.6882620353530298,0.20001739572009264,0.021296881505854206,0.06819637773192853,0.08670234182489106,True,True,True
symmetric_contaminated,168,2000,0.25,0.007015805144721629,0.007015805144721491,7.896734086086962e-05,0.9999999999999803,0.200494532410861,0.7421861822711681,0.5409838229219699,0.200494532410861,0.7421861822711681,0.2234783573914957,0.023060565177158522,0.09060446982663015,0.09117227516010244,True,True,True
symmetric_contaminated,169,2000,0.25,0.022415691688573446,0.022415691688573963,7.153171764210974e-05,1.000000000000023,0.1831532440628208,0.8801611783300671,0.7341783507194564,0.1831532440628208,0.8801611783300671,0.30328628121445184,0.02264244184708535,0.06456624698943975,0.08738280262892159,True,True,True
symmetric_contaminated,170,2000,0.25,0.019668259476302758,0.01966825947630273,9.345741699950702e-05,0.9999999999999986,0.2239945522395129,0.7164960219930773,0.49388986417459135,0.2239945522395129,0.7164960219930773,0.20402402234856926,0.023241514161514328,0.0746400473076178,0.08224217614494123,True,True,True
symmetric_contaminated,171,2000,0.25,0.0014840423090538466,0.0014840423090538518,0.00013284718163379197,1.0000000000000036,0.2340603663850938,0.8146526548767264,0.6065187519785973,0.2340603663850938,0.8146526548767264,0.2505505870530757,0.025283387258747285,0.09232398514495836,0.09217315688699976,True,True,True
symmetric_contaminated,172,2000,0.25,0.0002523291010149211,0.0002523291010149155,4.047541475334623e-05,0.9999999999999777,0.1858310497106173,0.8041070390371565,0.590720586504498,0.1858310497106173,0.8041070390371565,0.2440244250490413,0.020241652463797548,0.0516977961007023,0.09901213989739116,True,True,True
symmetric_contaminated,173,2000,0.25,0.007887667379781244,0.007887667379781436,0.0003100809535779936,1.0000000000000244,0.2250759483837459,0.8503012562492743,0.6618586081038728,0.2250759483837459,0.8503012562492743,0.2734112709056173,0.02433589152427311,0.09581167458043476,0.10070249632630963,True,True,True
symmetric_contaminated,174,2000,0.25,0.002861668471542809,0.002861668471542764,0.00012729022680641882,0.9999999999999842,0.19751796761878343,0.7596473791191842,0.5663339778806148,0.19751796761878343,0.7596473791191842,0.23395040988130716,0.02330142101228365,0.07983189602013467,0.09117398458652527,True,True,True
symmetric_contaminated,175,2000,0.25,0.006065563429252305,0.006065563429252291,0.0001586613380185437,0.9999999999999977,0.20934709379549027,0.7442315602384022,0.5454307981350174,0.20934709379549027,0.7442315602384022,0.22531538591964026,0.02289368316188858,0.0672425223886339,0.08482156261940985,True,True,True
symmetric_contaminated,176,2000,0.25,0.08531678233672864,0.08531678233672858,0.0001312398332035285,0.9999999999999993,0.18328334615261194,0.5700675312823947,0.4077998292298117,0.18328334615261194,0.5700675312823947,0.1684605567105019,0.02257151701607203,0.10102882979019923,0.05705231039104556,True,False,False
symmetric_contaminated,177,2000,0.25,0.0003918096910351454,0.00039180969103516075,5.791347054704002e-06,1.000000000000039,0.183733840565767,0.8054051407736658,0.6093817127969385,0.183733840565767,0.8054051407736658,0.25173326526608303,0.023112304244712577,0.08784288026123524,0.10228437894208967,True,True,True
symmetric_contaminated,178,2000,0.25,0.01071989870134815,0.010719898701348434,0.00017032625716451055,1.0000000000000266,0.1862042994493416,0.8619424706813666,0.6834765521200891,0.1862042994493416,0.8619424706813666,0.28234156126593046,0.023035050414455065,0.06818152249346665,0.10623717615508074,True,True,True
symmetric_contaminated,179,2000,0.25,0.00426915034896448,0.004269150348964541,0.00014734982568843666,1.0000000000000142,0.1670788212523186,0.7784565164050571,0.5313314154525687,0.1670788212523186,0.7784565164050571,0.21949098461852704,0.020468108923669615,0.05634559173582686,0.09973984605012283,True,True,True
symmetric_contaminated,180,2000,0.25,0.0007289531534162408,0.0007289531534161907,5.2549638472769095e-05,0.9999999999999313,0.22214715159378698,0.8063208859531968,0.6141395829598564,0.22214715159378698,0.8063208859531968,0.25369872331425036,0.0231287695711812,0.06985685934063167,0.09915167306633613,True,True,True
symmetric_contaminated,181,2000,0.25,1.8276106709663572e-05,1.8276106709655973e-05,7.93349770487315e-05,0.9999999999995842,0.1960967634206104,0.7990845069688883,0.5986697014877528,0.1960967634206104,0.7990845069688883,0.24730817418146314,0.023921707294130314,0.07813645657342294,0.0892224507349831,True,True,True
symmetric_contaminated,182,2000,0.25,0.0012737593234722182,0.0012737593234720408,5.175073105095668e-05,0.9999999999998608,0.1932459982149101,0.7768640942291927,0.5744838477018183,0.1932459982149101,0.7768640942291927,0.23731709007288915,0.02339644392880958,0.06737969630721909,0.0892518104223001,True,True,True
symmetric_contaminated,183,2000,0.25,0.004843298402146458,0.004843298402146511,3.242497876256647e-05,1.0000000000000109,0.22320293650066822,0.8358077900309115,0.6509449153382441,0.22320293650066822,0.8358077900309115,0.26890286597926494,0.024283982159143774,0.06617297683912929,0.08620940896081475,True,True,True
symmetric_contaminated,184,2000,0.25,0.02266289678056734,0.022662896780567116,4.521118631652184e-05,0.9999999999999902,0.19928540500744693,0.8978197738203565,0.6982022579160376,0.19928540500744693,0.8978197738203565,0.2884246942604324,0.024485288412814134,0.12706043712643086,0.10571178972159478,True,True,True
symmetric_contaminated,185,2000,0.25,0.05405403442593354,0.05405403442593354,1.446799212303403e-05,1.0,0.238057432390265,0.9223627508040194,0.7858087864402518,0.238057432390265,0.9223627508040194,0.32461461762194227,0.02438005190859281,0.058095822193352104,0.0968207507526691,True,False,True
symmetric_contaminated,186,2000,0.25,0.01767705607851174,0.017677056078511836,2.4642700179865827e-05,1.0000000000000056,0.21420989512145905,0.8741769725745813,0.7212390268804447,0.21420989512145905,0.8741769725745813,0.2979410958045058,0.022339254584651618,0.05867194764218798,0.09339037505434396,True,True,True
symmetric_contaminated,187,2000,0.25,0.012196840289035884,0.012196840289035733,0.00027089511853278146,0.9999999999999877,0.19947891990859978,0.7265818432450278,0.5145915754273869,0.19947891990859978,0.7265818432450278,0.21257582044297407,0.022276530400289225,0.08572258045705786,0.10486619531549561,True,True,True
symmetric_contaminated,188,2000,0.25,0.04135318206553885,0.04135318206553913,1.1872653237802142e-05,1.0000000000000069,0.14923313173041447,0.6737404718210442,0.3514618739478466,0.14923313173041447,0.6737404718210442,0.14518756189670812,0.01816959497932891,0.05624771478682946,0.07527626670912162,False,False,False
symmetric_contaminated,189,2000,0.25,0.05517615500866735,0.05517615500866694,6.408601818236006e-05,0.9999999999999926,0.2303829735587805,0.9273752601069245,0.7531773992748302,0.2303829735587805,0.9273752601069245,0.3111347158316324,0.026291633890191842,0.0759505884831974,0.08340294088821217,True,True,True
symmetric_contaminated,190,2000,0.25,0.0006933142189650249,0.0006933142189650807,3.672386315106134e-05,1.0000000000000804,0.2059207301186487,0.7850752195497306,0.5823794341725652,0.2059207301186487,0.7850752195497306,0.24057872678060738,0.024708558487648198,0.10971242761001658,0.09718782768131737,True,True,True
symmetric_contaminated,191,2000,0.25,0.0004116413102960159,0.0004116413102960247,6.970465126481689e-05,1.0000000000000213,0.18441439700572515,0.8001288989933643,0.5852747498512657,0.18441439700572515,0.8001288989933643,0.2417747706632344,0.021933188411542914,0.06856101973137657,0.10522801626701331,True,True,True
symmetric_contaminated,192,2000,0.25,0.010839748343902169,0.0108397483439021,9.10127617691131e-06,0.9999999999999936,0.19444471673705835,0.7428369862959716,0.49364446011404667,0.19444471673705835,0.7428369862959716,0.2039226468655623,0.020671142399075953,0.06769127849753409,0.09755819916824926,True,True,True
symmetric_contaminated,193,2000,0.25,0.003310281564389544,0.0033102815643897385,0.00011131771727208795,1.0000000000000586,0.21412823974990253,0.8348070450580785,0.6408656558793103,0.21412823974990253,0.8348070450580785,0.2647391622747094,0.02353497939584601,0.07835751663227827,0.10095947943127355,True,True,True
symmetric_contaminated,194,2000,0.25,0.0038972478978423126,0.00389724789784213,0.00033652845955403784,0.9999999999999531,0.20891335750916085,0.8502689970035654,0.6355639609944055,0.20891335750916085,0.8502689970035654,0.2625490523045608,0.023320901004917082,0.07463180553341513,0.10401001540382206,True,True,True
symmetric_contaminated,195,2000,0.25,0.0006234686492720516,0.0006234686492720151,2.1761989622255383e-05,0.9999999999999416,0.20043276330865614,0.7862765994327375,0.5781629269522298,0.20043276330865614,0.7862765994327375,0.23883690370271954,0.02273724206013123,0.06597923541500711,0.09529716497301721,True,True,True
symmetric_contaminated,196,2000,0.25,0.032659961776600244,0.032659961776600674,0.00017258162241346175,1.000000000000013,0.19431124236714303,0.673975136559804,0.4604097022863278,0.19431124236714303,0.673975136559804,0.19019349495205956,0.021953655890947027,0.06686652031437727,0.07894079171325755,True,True,True
symmetric_contaminated,197,2000,0.25,0.004784709705561849,0.00478470970556174,9.052927201031507e-05,0.9999999999999771,0.19440830249475374,0.8415565480854249,0.6459976409867983,0.19440830249475374,0.8415565480854249,0.26685916578199315,0.025130234285944453,0.09253790578277456,0.09817959587764236,True,True,True
symmetric_contaminated,198,2000,0.25,0.011148654987692864,0.011148654987692378,5.566005955644616e-05,0.9999999999999565,0.20740157974213805,0.8561132394679855,0.6809789132266698,0.20740157974213805,0.8561132394679855,0.2813097961491019,0.024499397822663284,0.0789167144743982,0.09964906197673686,True,True,True
symmetric_contaminated,199,2000,0.25,0.0032982853336837887,0.0032982853336837995,6.30672109366944e-05,1.0000000000000033,0.21262531720346725,0.7688653653926422,0.5460343391607066,0.21262531720346725,0.7688653653926422,0.22556470641930113,0.021535570136456985,0.0673173002098839,0.09525291240471226,True,True,True
